time,watts,cadence,heartrate,altitude,velocity_smooth,moving,grade_smooth,temp,torque
0,0,0,116,309.8,0.0,true,0.0,19,0
1,0,0,116,309.8,0.0,true,0.0,19,0
2,0,0,116,309.8,0.0,true,0.0,19,0
3,0,0,117,309.8,0.0,true,0.0,19,0
4,0,0,114,309.8,0.0,true,0.0,19,0
5,0,0,113,309.6,0.0,true,0.0,19,0
6,0,0,112,309.6,0.0,true,0.0,19,0
7,0,0,114,309.6,0.0,true,0.0,19,0
8,0,0,117,309.8,0.0,true,0.0,19,0
9,0,0,117,309.8,0.0,true,0.0,19,0
10,0,0,116,309.8,0.0,true,0.0,19,0
11,0,0,112,309.8,0.0,true,0.0,19,0
12,0,0,103,309.8,0.0,true,0.0,19,0
13,0,0,103,309.6,0.0,true,0.0,19,0
14,0,0,98,309.6,0.0,true,0.0,19,0
15,0,0,93,309.6,0.0,true,0.0,19,0
16,0,0,90,309.6,0.0,true,0.0,19,0
17,0,0,90,309.6,0.0,true,0.0,19,0
18,0,0,89,309.6,0.0,true,0.0,19,0
19,58,0,89,309.6,0.0,true,0.0,19,0
20,58,40,89,310.0,0.0,true,0.0,19,14
21,58,41,90,310.2,0.0,true,0.0,19,14
22,55,42,89,310.2,0.0,true,0.0,19,13
23,63,43,89,310.2,0.0,true,0.0,19,14
24,63,43,89,310.2,0.0,true,0.0,19,14
25,60,44,89,309.8,0.0,true,0.0,19,13
26,70,45,89,309.8,0.0,true,0.0,19,15
27,78,45,90,309.8,0.0,true,0.0,19,17
28,78,47,90,309.8,0.0,true,0.0,19,16
29,76,49,91,309.6,0.0,true,0.0,19,15
30,76,50,91,309.6,0.0,true,0.0,19,15
31,74,51,91,309.6,0.0,true,0.0,19,14
32,76,50,91,309.8,0.0,true,0.0,19,15
33,70,51,91,309.8,0.0,true,0.0,19,13
34,70,51,91,309.8,0.0,true,0.0,19,13
35,0,0,91,309.8,0.0,true,0.0,19,0
36,0,0,91,309.8,0.0,true,0.0,19,0
37,0,0,92,310.2,0.0,true,0.0,19,0
38,0,0,92,310.2,0.0,true,0.0,19,0
39,100,55,92,310.2,0.0,true,0.0,19,17
40,107,57,93,309.6,0.0,true,0.0,19,18
41,107,57,94,309.6,0.0,true,0.0,19,18
42,106,64,94,309.6,0.0,true,0.0,19,16
43,106,64,95,309.6,0.0,true,0.0,19,16
44,98,63,95,310.2,0.0,true,0.0,19,15
45,104,62,96,310.6,0.0,true,0.0,19,16
46,65,61,96,310.6,0.0,true,0.0,19,10
47,100,61,96,310.6,0.0,true,0.0,19,16
48,94,63,96,310.6,0.0,true,0.0,19,14
49,89,64,96,310.4,0.0,true,0.0,19,13
50,94,64,95,310.4,0.0,true,0.0,19,14
51,91,64,95,310.4,0.0,true,0.0,19,14
52,98,64,96,310.4,0.0,true,0.0,19,15
53,88,65,95,310.8,0.0,true,0.0,19,13
54,100,65,96,310.8,0.0,true,0.0,19,15
55,98,66,96,310.8,0.0,true,0.0,19,14
56,101,67,96,310.2,0.0,true,0.0,19,14
57,102,68,96,310.6,0.0,true,0.0,19,14
58,105,69,96,310.6,0.0,true,0.0,19,15
59,98,69,97,310.6,0.0,true,0.0,19,14
60,92,69,98,310.6,0.0,true,0.0,19,13
61,101,68,99,310.6,0.0,true,0.0,19,14
62,97,69,99,310.6,0.0,true,0.0,19,13
63,97,69,100,310.6,0.0,true,0.0,19,13
64,105,68,100,310.6,0.0,true,0.0,19,15
65,105,68,100,310.8,0.0,true,0.0,19,15
66,98,69,100,310.8,0.0,true,0.0,19,14
67,103,68,100,310.8,0.0,true,0.0,19,14
68,100,69,100,310.6,0.0,true,0.0,19,14
69,105,69,100,310.6,0.0,true,0.0,19,15
70,101,69,100,310.6,0.0,true,0.0,19,14
71,97,69,100,310.6,0.0,true,0.0,19,13
72,100,69,100,310.2,0.0,true,0.0,19,14
73,99,69,101,310.4,0.0,true,0.0,19,14
74,91,69,101,310.4,0.0,true,0.0,19,13
75,96,68,101,310.4,0.0,true,0.0,19,13
76,102,68,101,310.4,0.0,true,0.0,19,14
77,103,69,101,310.6,0.0,true,0.0,19,14
78,95,69,101,310.6,0.0,true,0.0,19,13
79,104,69,101,310.6,0.0,true,0.0,19,14
80,97,69,101,310.4,0.0,true,0.0,19,13
81,101,69,101,310.4,0.0,true,0.0,19,14
82,102,70,101,310.4,0.0,true,0.0,19,14
83,99,70,101,310.4,0.0,true,0.0,19,14
84,95,70,101,310.4,0.0,true,0.0,19,13
85,101,70,101,310.4,0.0,true,0.0,19,14
86,104,71,101,310.4,0.0,true,0.0,19,14
87,103,71,101,310.4,0.0,true,0.0,19,14
88,100,71,101,310.4,0.0,true,0.0,20,13
89,100,71,102,310.6,0.0,true,0.0,19,13
90,99,71,102,310.6,0.0,true,0.0,20,13
91,97,70,102,310.6,0.0,true,0.0,20,13
92,100,70,103,310.6,0.0,true,0.0,20,14
93,105,70,102,310.6,0.0,true,0.0,20,14
94,98,71,102,310.6,0.0,true,0.0,20,13
95,93,69,102,310.6,0.0,true,0.0,20,13
96,63,68,102,310.6,0.0,true,0.0,20,9
97,65,61,101,310.4,0.0,true,0.0,20,10
98,58,63,101,310.4,0.0,true,0.0,20,9
99,58,63,101,310.4,0.0,true,0.0,20,9
100,80,51,101,310.6,0.0,true,0.0,20,15
101,126,64,100,310.2,0.0,true,0.0,20,19
102,69,65,100,310.2,0.0,true,0.0,20,10
103,52,64,100,310.2,0.0,true,0.0,20,8
104,78,57,100,310.2,0.0,true,0.0,20,13
105,95,64,100,310.6,0.0,true,0.0,20,14
106,98,66,101,310.6,0.0,true,0.0,20,14
107,96,68,101,310.6,0.0,true,0.0,20,13
108,69,67,101,310.2,0.0,true,0.0,20,10
109,71,66,102,310.4,0.0,true,0.0,20,10
110,66,66,101,310.4,0.0,true,0.0,20,10
111,91,60,101,310.4,0.0,true,0.0,20,14
112,102,71,100,310.4,0.0,true,0.0,20,14
113,96,71,99,310.6,0.0,true,0.0,20,13
114,95,70,99,310.6,0.0,true,0.0,20,13
115,95,70,99,310.6,0.0,true,0.0,20,13
116,97,70,99,310.4,0.0,true,0.0,20,13
117,112,69,99,310.2,0.0,true,0.0,20,16
118,112,69,100,310.2,0.0,true,0.0,20,16
119,93,69,100,310.2,0.0,true,0.0,20,13
120,95,69,101,310.6,0.0,true,0.0,20,13
121,85,68,101,310.4,0.0,true,0.0,20,12
122,86,67,101,310.4,0.0,true,0.0,20,12
123,94,67,101,310.4,0.0,true,0.0,20,13
124,96,68,101,310.4,0.0,true,0.0,20,13
125,88,68,101,310.2,0.0,true,0.0,20,12
126,77,57,100,310.2,0.0,true,0.0,20,13
127,77,57,100,310.2,0.0,true,0.0,20,13
128,97,57,100,310.6,0.0,true,0.0,20,16
129,101,64,100,310.4,0.0,true,0.0,20,15
130,110,65,101,310.4,0.0,true,0.0,20,16
131,110,65,101,310.4,0.0,true,0.0,20,16
132,101,65,102,310.8,0.0,true,0.0,20,15
133,104,65,102,310.4,0.0,true,0.0,20,15
134,99,65,103,310.4,0.0,true,0.0,20,15
135,110,65,103,310.4,0.0,true,0.0,20,16
136,107,66,103,310.4,0.0,true,0.0,20,15
137,100,66,103,310.2,0.0,true,0.0,20,14
138,102,65,103,310.2,0.0,true,0.0,20,15
139,113,66,103,310.2,0.0,true,0.0,20,16
140,104,66,104,310.2,0.0,true,0.0,20,15
141,103,66,104,310.4,0.0,true,0.0,20,15
142,101,66,104,310.4,0.0,true,0.0,20,15
143,107,66,103,310.4,0.0,true,0.0,20,15
144,105,66,103,310.4,0.0,true,0.0,20,15
145,98,66,103,310.2,0.0,true,0.0,20,14
146,105,66,103,310.2,0.0,true,0.0,20,15
147,106,65,103,310.2,0.0,true,0.0,20,16
148,106,65,103,310.6,0.0,true,0.0,20,16
149,101,65,103,310.6,0.0,true,0.0,20,15
150,100,65,104,310.6,0.0,true,0.0,20,15
151,105,65,104,310.6,0.0,true,0.0,20,15
152,92,65,105,310.6,0.0,true,0.0,20,14
153,101,65,105,310.4,0.0,true,0.0,20,15
154,105,65,106,310.4,0.0,true,0.0,20,15
155,103,65,106,310.4,0.0,true,0.0,20,15
156,94,65,106,310.4,0.0,true,0.0,20,14
157,92,64,106,310.6,0.0,true,0.0,20,14
158,95,64,106,310.6,0.0,true,0.0,20,14
159,97,63,106,310.6,0.0,true,0.0,20,15
160,94,63,105,310.6,0.0,true,0.0,20,14
161,97,64,105,310.4,0.0,true,0.0,20,14
162,97,64,105,310.4,0.0,true,0.0,20,14
163,0,64,104,310.4,0.0,true,0.0,20,0
164,0,0,103,310.4,0.0,true,0.0,20,0
165,0,0,103,310.2,0.0,true,0.0,20,0
166,0,0,102,310.2,0.0,true,0.0,20,0
167,0,0,101,310.2,0.0,true,0.0,20,0
168,0,0,97,310.2,0.0,true,0.0,20,0
169,0,0,95,310.2,0.0,true,0.0,20,0
170,0,0,94,310.2,0.0,true,0.0,20,0
171,0,0,94,310.2,0.0,true,0.0,20,0
172,0,0,93,310.2,0.0,true,0.0,20,0
173,0,0,93,310.4,0.0,true,0.0,20,0
174,0,0,93,310.4,0.0,true,0.0,20,0
175,0,0,92,310.4,0.0,true,0.0,20,0
176,0,0,92,310.4,0.0,true,0.0,20,0
177,0,0,92,310.4,0.0,true,0.0,20,0
178,0,0,92,310.4,0.0,true,0.0,20,0
179,0,0,91,310.4,0.0,true,0.0,20,0
180,0,0,91,310.2,0.0,true,0.0,20,0
181,0,0,91,310.2,0.0,true,0.0,20,0
182,0,0,91,310.2,0.0,true,0.0,20,0
183,0,0,90,310.2,0.0,true,0.0,20,0
184,0,0,90,310.2,0.0,true,0.0,20,0
185,0,0,89,310.4,0.0,true,0.0,20,0
186,0,0,89,310.4,0.0,true,0.0,20,0
187,0,0,89,310.4,0.0,true,0.0,20,0
188,0,0,89,310.8,0.0,true,0.0,20,0
189,0,0,89,310.6,0.0,true,0.0,20,0
190,0,0,89,310.6,0.0,true,0.0,20,0
191,0,0,88,310.6,0.0,true,0.0,20,0
192,0,0,88,310.6,0.0,true,0.0,20,0
193,0,0,87,310.8,0.0,true,0.0,20,0
194,0,0,87,310.8,0.0,true,0.0,20,0
195,0,0,85,310.8,0.0,true,0.0,20,0
196,0,0,84,310.8,0.0,true,0.0,20,0
197,0,0,84,310.4,0.0,true,0.0,20,0
198,0,0,84,310.4,0.0,true,0.0,20,0
199,0,0,84,310.4,0.0,true,0.0,20,0
200,0,0,84,310.4,0.0,true,0.0,20,0
201,0,0,84,310.2,0.0,true,0.0,20,0
202,107,62,84,310.2,0.0,true,0.0,20,16
203,99,62,85,310.2,0.0,true,0.0,20,15
204,102,62,88,310.2,0.0,true,0.0,20,16
205,108,63,89,310.2,0.0,true,0.0,20,16
206,99,64,93,310.2,0.0,true,0.0,20,15
207,111,65,95,310.2,0.0,true,0.0,20,16
208,99,65,95,310.2,0.0,true,0.0,20,15
209,105,65,97,310.6,0.0,true,0.0,20,15
210,102,66,99,310.6,0.0,true,0.0,20,15
211,105,66,99,310.6,0.0,true,0.0,20,15
212,105,66,99,310.4,0.0,true,0.0,20,15
213,92,65,99,310.6,0.0,true,0.0,20,14
214,103,64,99,310.6,0.0,true,0.0,20,15
215,102,64,97,310.6,0.0,true,0.0,20,15
216,104,65,94,310.6,0.0,true,0.0,20,15
217,102,65,92,310.4,0.0,true,0.0,20,15
218,102,65,91,310.4,0.0,true,0.0,20,15
219,105,66,91,310.4,0.0,true,0.0,20,15
220,94,65,91,310.8,0.0,true,0.0,20,14
221,94,65,91,310.6,0.0,true,0.0,20,14
222,91,65,92,310.6,0.0,true,0.0,20,13
223,92,64,94,310.6,0.0,true,0.0,20,14
224,95,64,94,310.6,0.0,true,0.0,20,14
225,90,64,95,310.8,0.0,true,0.0,20,13
226,98,63,95,310.8,0.0,true,0.0,20,15
227,99,64,95,310.8,0.0,true,0.0,20,15
228,90,64,95,310.6,0.0,true,0.0,20,13
229,97,63,94,310.8,0.0,true,0.0,20,15
230,97,64,94,310.8,0.0,true,0.0,20,14
231,99,64,94,310.8,0.0,true,0.0,20,15
232,97,64,95,310.4,0.0,true,0.0,20,14
233,77,65,96,310.0,0.0,true,0.0,20,11
234,115,57,96,310.0,0.0,true,0.0,20,19
235,116,59,96,310.0,0.0,true,0.0,20,19
236,106,59,97,311.0,0.0,true,0.0,20,17
237,113,60,97,310.4,0.0,true,0.0,20,18
238,112,61,97,310.4,0.0,true,0.0,20,18
239,107,61,97,310.4,0.0,true,0.0,20,17
240,118,62,97,310.4,0.0,true,0.0,20,18
241,119,62,98,310.0,0.0,true,0.0,20,18
242,115,62,98,310.0,0.0,true,0.0,20,18
243,114,62,99,310.0,0.0,true,0.0,20,18
244,109,62,100,310.4,0.0,true,0.0,20,17
245,109,62,101,310.4,0.0,true,0.0,20,17
246,112,62,101,310.4,0.0,true,0.0,20,17
247,103,62,101,310.4,0.0,true,0.0,20,16
248,112,62,101,310.4,0.0,true,0.0,20,17
249,112,62,101,310.8,0.0,true,0.0,20,17
250,80,61,100,310.8,0.0,true,0.0,20,13
251,113,49,100,310.8,0.0,true,0.0,20,22
252,74,50,100,310.8,0.0,true,0.0,20,14
253,99,56,100,310.6,0.0,true,0.0,20,17
254,99,65,100,310.6,0.0,true,0.0,20,15
255,101,66,100,310.6,0.0,true,0.0,20,15
256,83,65,101,310.6,0.0,true,0.0,20,12
257,85,64,101,310.8,0.0,true,0.0,20,13
258,95,64,102,310.8,0.0,true,0.0,20,14
259,95,64,102,310.8,0.0,true,0.0,20,14
260,80,64,103,310.6,0.0,true,0.0,20,12
261,116,60,103,310.8,0.0,true,0.0,20,18
262,113,61,103,310.8,0.0,true,0.0,20,18
263,121,62,103,310.8,0.0,true,0.0,20,19
264,111,62,103,310.8,0.0,true,0.0,20,17
265,113,63,104,311.0,0.0,true,0.0,20,17
266,115,63,104,311.0,0.0,true,0.0,20,17
267,112,63,104,311.0,0.0,true,0.0,20,17
268,109,62,104,310.4,0.0,true,0.0,20,17
269,114,63,105,310.6,0.0,true,0.0,20,17
270,95,62,104,310.6,0.0,true,0.0,20,15
271,95,62,104,310.6,0.0,true,0.0,20,15
272,0,0,103,310.2,0.0,true,0.0,20,0
273,0,0,102,310.6,0.0,true,0.0,20,0
274,0,0,101,310.6,0.0,true,0.0,20,0
275,0,0,100,310.6,0.0,true,0.0,20,0
276,0,0,100,310.6,0.0,true,0.0,20,0
277,0,0,99,310.6,0.0,true,0.0,20,0
278,91,53,99,310.6,0.0,true,0.0,20,16
279,94,54,99,310.6,0.0,true,0.0,20,17
280,94,54,99,310.8,0.0,true,0.0,20,17
281,105,56,99,310.8,0.0,true,0.0,20,18
282,105,56,100,310.8,0.0,true,0.0,20,18
283,104,58,101,310.8,0.0,true,0.0,20,17
284,104,59,102,310.8,0.0,true,0.0,20,17
285,106,60,103,310.6,0.0,true,0.0,20,17
286,105,60,103,310.6,0.0,true,0.0,20,17
287,105,60,103,310.6,0.0,true,0.0,20,17
288,110,60,104,310.6,0.0,true,0.0,20,18
289,107,61,103,310.8,0.0,true,0.0,20,17
290,107,61,103,310.8,0.0,true,0.0,20,17
291,105,61,102,310.8,0.0,true,0.0,20,16
292,106,61,101,310.8,0.0,true,0.0,20,17
293,113,61,100,310.4,0.0,true,0.0,20,18
294,109,62,99,310.4,0.0,true,0.0,20,17
295,109,62,99,310.4,0.0,true,0.0,20,17
296,106,62,99,310.4,0.0,true,0.0,20,16
297,106,62,100,310.6,0.0,true,0.0,20,16
298,108,62,101,310.6,0.0,true,0.0,20,17
299,113,62,101,310.6,0.0,true,0.0,20,17
300,113,63,101,310.2,0.0,true,0.0,20,17
301,100,62,101,310.8,0.0,true,0.0,20,15
302,110,62,101,310.8,0.0,true,0.0,20,17
303,109,62,101,310.8,0.0,true,0.0,20,17
304,108,62,101,310.8,0.0,true,0.0,20,17
305,108,62,101,310.8,0.0,true,0.0,20,17
306,105,62,100,310.8,0.0,true,0.0,20,16
307,116,62,101,310.8,0.0,true,0.0,20,18
308,107,63,101,310.2,0.0,true,0.0,20,16
309,108,62,101,310.2,0.0,true,0.0,20,17
310,118,63,101,310.2,0.0,true,0.0,20,18
311,106,63,102,310.2,0.0,true,0.0,20,16
312,111,63,102,310.2,0.0,true,0.0,20,17
313,107,62,102,310.6,0.0,true,0.0,20,16
314,108,62,102,310.6,0.0,true,0.0,20,17
315,108,62,102,310.6,0.0,true,0.0,20,17
316,114,63,102,310.2,0.0,true,0.0,20,17
317,110,63,102,310.4,0.0,true,0.0,20,17
318,129,64,102,310.4,0.0,true,0.0,20,19
319,141,66,102,310.4,0.0,true,0.0,20,20
320,151,72,102,310.4,0.0,true,0.0,20,20
321,113,66,102,310.4,0.0,true,0.0,20,16
322,161,64,103,310.4,0.0,true,0.0,20,24
323,134,65,103,310.4,0.0,true,0.0,20,20
324,155,81,104,310.6,0.0,true,0.0,20,18
325,115,81,104,310.6,0.0,true,0.0,20,14
326,122,80,104,310.6,0.0,true,0.0,20,15
327,142,79,104,310.6,0.0,true,0.0,20,17
328,135,80,105,310.6,0.0,true,0.0,20,16
329,150,81,106,310.6,0.0,true,0.0,20,18
330,141,82,106,310.6,0.0,true,0.0,20,16
331,141,82,106,310.6,0.0,true,0.0,20,16
332,135,82,107,310.6,0.0,true,0.0,20,16
333,128,81,107,310.8,0.0,true,0.0,20,15
334,129,81,107,310.8,0.0,true,0.0,20,15
335,129,80,107,310.8,0.0,true,0.0,20,15
336,129,80,107,310.8,0.0,true,0.0,20,15
337,123,79,107,310.6,0.0,true,0.0,20,15
338,123,80,108,310.6,0.0,true,0.0,20,15
339,137,79,108,310.6,0.0,true,0.0,20,17
340,136,79,109,310.6,0.0,true,0.0,20,16
341,118,81,109,310.8,0.0,true,0.0,20,14
342,155,75,109,310.8,0.0,true,0.0,20,20
343,151,75,109,310.8,0.0,true,0.0,20,19
344,169,76,109,310.8,0.0,true,0.0,20,21
345,158,78,110,310.8,0.0,true,0.0,20,19
346,148,78,110,310.8,0.0,true,0.0,20,18
347,147,78,110,310.8,0.0,true,0.0,20,18
348,147,77,111,310.8,0.0,true,0.0,20,18
349,146,77,112,311.2,0.0,true,0.0,20,18
350,165,77,111,311.2,0.0,true,0.0,20,20
351,135,77,112,311.2,0.0,true,0.0,20,17
352,145,78,112,311.2,0.0,true,0.0,20,18
353,138,80,112,310.6,0.0,true,0.0,20,16
354,138,81,111,310.6,0.0,true,0.0,20,16
355,127,81,111,310.6,0.0,true,0.0,20,15
356,124,80,111,310.6,0.0,true,0.0,20,15
357,137,80,112,310.8,0.0,true,0.0,20,16
358,139,80,113,310.8,0.0,true,0.0,20,17
359,138,81,113,310.8,0.0,true,0.0,20,16
360,126,81,113,310.8,0.0,true,0.0,20,15
361,145,81,113,310.8,0.0,true,0.0,20,17
362,152,82,113,310.8,0.0,true,0.0,20,18
363,136,83,114,310.8,0.0,true,0.0,20,16
364,141,83,114,310.8,0.0,true,0.0,20,16
365,143,82,114,310.8,0.0,true,0.0,20,17
366,133,83,114,310.8,0.0,true,0.0,20,15
367,135,82,115,310.8,0.0,true,0.0,20,16
368,81,84,115,310.8,0.0,true,0.0,20,9
369,125,84,115,310.6,0.0,true,0.0,20,14
370,131,85,115,310.6,0.0,true,0.0,20,15
371,132,87,115,310.6,0.0,true,0.0,20,14
372,131,88,115,311.0,0.0,true,0.0,20,14
373,124,88,115,311.0,0.0,true,0.0,20,13
374,125,88,115,311.0,0.0,true,0.0,20,14
375,125,88,115,311.0,0.0,true,0.0,20,14
376,127,88,115,311.0,0.0,true,0.0,20,14
377,120,88,115,310.8,0.0,true,0.0,20,13
378,119,87,115,310.8,0.0,true,0.0,20,13
379,134,87,115,310.8,0.0,true,0.0,20,15
380,131,88,114,310.8,0.0,true,0.0,20,14
381,129,89,115,311.0,0.0,true,0.0,20,14
382,135,89,116,311.0,0.0,true,0.0,20,14
383,132,91,116,311.0,0.0,true,0.0,20,14
384,153,92,117,311.0,0.0,true,0.0,20,16
385,154,95,118,311.2,0.0,true,0.0,20,15
386,143,95,118,311.2,0.0,true,0.0,20,14
387,151,96,118,311.2,0.0,true,0.0,20,15
388,133,96,119,310.8,0.0,true,0.0,20,13
389,138,94,118,311.0,0.0,true,0.0,20,14
390,138,94,118,311.0,0.0,true,0.0,20,14
391,134,93,118,311.0,0.0,true,0.0,20,14
392,175,93,118,311.0,0.0,true,0.0,20,18
393,160,91,119,310.8,0.0,true,0.0,20,17
394,148,90,120,310.8,0.0,true,0.0,20,16
395,151,90,120,310.8,0.0,true,0.0,20,16
396,151,89,120,310.8,0.0,true,0.0,20,16
397,166,89,120,311.4,0.0,true,0.0,20,18
398,149,90,120,311.4,0.0,true,0.0,20,16
399,151,90,120,311.4,0.0,true,0.0,20,16
400,151,89,120,310.8,0.0,true,0.0,20,16
401,167,90,120,311.0,0.0,true,0.0,20,18
402,154,90,120,311.0,0.0,true,0.0,20,16
403,153,90,121,311.0,0.0,true,0.0,20,16
404,157,90,122,311.2,0.0,true,0.0,20,17
405,160,90,122,311.2,0.0,true,0.0,20,17
406,154,90,122,311.2,0.0,true,0.0,20,16
407,150,90,122,311.2,0.0,true,0.0,20,16
408,162,90,122,310.8,0.0,true,0.0,20,17
409,156,90,122,310.8,0.0,true,0.0,20,17
410,150,90,121,310.8,0.0,true,0.0,20,16
411,150,90,121,310.8,0.0,true,0.0,20,16
412,152,89,122,310.8,0.0,true,0.0,20,16
413,142,89,121,311.2,0.0,true,0.0,20,15
414,154,89,122,311.2,0.0,true,0.0,20,17
415,157,89,122,311.2,0.0,true,0.0,20,17
416,146,89,122,311.2,0.0,true,0.0,20,16
417,157,89,122,311.4,0.0,true,0.0,20,17
418,153,89,122,311.4,0.0,true,0.0,20,16
419,138,88,122,311.4,0.0,true,0.0,20,15
420,145,87,122,311.4,0.0,true,0.0,20,16
421,142,87,122,311.4,0.0,true,0.0,20,16
422,143,88,122,311.4,0.0,true,0.0,20,16
423,143,88,122,311.4,0.0,true,0.0,20,16
424,141,87,122,311.4,0.0,true,0.0,20,15
425,148,87,122,311.2,0.0,true,0.0,20,16
426,152,87,123,311.2,0.0,true,0.0,20,17
427,129,87,123,311.2,0.0,true,0.0,20,14
428,147,86,123,311.2,0.0,true,0.0,20,16
429,158,87,125,311.4,0.0,true,0.0,20,17
430,139,87,124,311.4,0.0,true,0.0,20,15
431,148,87,125,311.4,0.0,true,0.0,20,16
432,134,86,125,311.4,0.0,true,0.0,21,15
433,145,86,125,311.2,0.0,true,0.0,21,16
434,144,87,125,311.2,0.0,true,0.0,21,16
435,134,86,124,311.2,0.0,true,0.0,21,15
436,132,85,124,311.2,0.0,true,0.0,21,15
437,141,85,124,311.4,0.0,true,0.0,21,16
438,142,86,124,311.4,0.0,true,0.0,21,16
439,145,86,124,311.4,0.0,true,0.0,21,16
440,146,87,124,311.0,0.0,true,0.0,21,16
441,132,87,124,311.0,0.0,true,0.0,21,14
442,134,86,124,311.0,0.0,true,0.0,21,15
443,144,86,124,311.0,0.0,true,0.0,21,16
444,142,86,124,311.0,0.0,true,0.0,21,16
445,145,87,124,311.4,0.0,true,0.0,21,16
446,142,87,124,311.4,0.0,true,0.0,21,16
447,147,87,124,311.4,0.0,true,0.0,21,16
448,143,87,124,311.2,0.0,true,0.0,21,16
449,147,87,124,311.0,0.0,true,0.0,21,16
450,136,87,124,311.0,0.0,true,0.0,21,15
451,133,87,125,311.0,0.0,true,0.0,21,15
452,145,87,126,311.0,0.0,true,0.0,21,16
453,145,87,126,310.8,0.0,true,0.0,21,16
454,138,87,126,310.8,0.0,true,0.0,21,15
455,140,86,126,310.8,0.0,true,0.0,21,16
456,144,86,127,310.8,0.0,true,0.0,21,16
457,141,86,127,311.2,0.0,true,0.0,21,16
458,137,86,127,311.2,0.0,true,0.0,21,15
459,131,86,127,311.2,0.0,true,0.0,21,15
460,137,85,127,311.0,0.0,true,0.0,21,15
461,141,85,127,311.4,0.0,true,0.0,21,16
462,135,86,127,311.4,0.0,true,0.0,21,15
463,153,87,127,311.4,0.0,true,0.0,21,17
464,148,88,127,311.0,0.0,true,0.0,21,16
465,131,87,127,310.8,0.0,true,0.0,21,14
466,137,87,127,310.8,0.0,true,0.0,21,15
467,138,87,127,310.8,0.0,true,0.0,21,15
468,150,86,127,311.2,0.0,true,0.0,21,17
469,141,87,127,310.8,0.0,true,0.0,21,15
470,144,87,127,310.8,0.0,true,0.0,21,16
471,133,86,127,310.8,0.0,true,0.0,21,15
472,131,86,127,311.2,0.0,true,0.0,21,15
473,151,86,127,310.8,0.0,true,0.0,21,17
474,147,86,127,310.8,0.0,true,0.0,21,16
475,139,87,127,310.8,0.0,true,0.0,21,15
476,142,87,127,311.2,0.0,true,0.0,21,16
477,141,87,127,311.2,0.0,true,0.0,21,15
478,143,87,127,311.2,0.0,true,0.0,21,16
479,139,87,127,311.2,0.0,true,0.0,21,15
480,136,87,127,310.8,0.0,true,0.0,21,15
481,138,87,127,311.2,0.0,true,0.0,21,15
482,138,87,127,311.2,0.0,true,0.0,21,15
483,142,87,127,311.2,0.0,true,0.0,21,16
484,137,87,127,311.2,0.0,true,0.0,21,15
485,144,86,127,311.4,0.0,true,0.0,21,16
486,132,87,127,311.4,0.0,true,0.0,21,14
487,129,86,127,311.4,0.0,true,0.0,21,14
488,141,85,126,311.4,0.0,true,0.0,21,16
489,143,86,127,311.2,0.0,true,0.0,21,16
490,142,87,127,311.2,0.0,true,0.0,21,16
491,131,87,127,311.2,0.0,true,0.0,21,14
492,136,86,127,311.4,0.0,true,0.0,21,15
493,129,87,127,311.2,0.0,true,0.0,21,14
494,130,86,127,311.2,0.0,true,0.0,21,14
495,136,85,127,311.2,0.0,true,0.0,21,15
496,131,85,127,311.2,0.0,true,0.0,21,15
497,131,85,127,311.6,0.0,true,0.0,21,15
498,147,85,127,311.6,0.0,true,0.0,21,17
499,141,85,127,311.6,0.0,true,0.0,21,16
500,143,86,127,311.6,0.0,true,0.0,21,16
501,122,86,127,311.4,0.0,true,0.0,21,14
502,142,86,127,311.4,0.0,true,0.0,21,16
503,132,86,127,311.4,0.0,true,0.0,21,15
504,127,85,127,311.4,0.0,true,0.0,21,14
505,134,85,127,311.2,0.0,true,0.0,21,15
506,146,85,127,311.2,0.0,true,0.0,21,16
507,132,86,127,311.2,0.0,true,0.0,21,15
508,134,86,127,311.6,0.0,true,0.0,21,15
509,135,85,127,311.4,0.0,true,0.0,21,15
510,132,86,127,311.4,0.0,true,0.0,21,15
511,136,86,127,311.4,0.0,true,0.0,21,15
512,136,86,127,311.4,0.0,true,0.0,21,15
513,131,86,127,311.6,0.0,true,0.0,21,15
514,137,86,127,311.6,0.0,true,0.0,21,15
515,141,86,127,311.6,0.0,true,0.0,21,16
516,135,86,127,311.6,0.0,true,0.0,21,15
517,139,86,127,311.4,0.0,true,0.0,21,15
518,144,87,127,311.4,0.0,true,0.0,21,16
519,142,87,128,311.4,0.0,true,0.0,21,16
520,138,87,128,311.4,0.0,true,0.0,21,15
521,146,86,129,311.8,0.0,true,0.0,21,16
522,133,87,130,311.8,0.0,true,0.0,21,15
523,141,86,130,311.8,0.0,true,0.0,21,16
524,138,86,130,311.8,0.0,true,0.0,21,15
525,133,87,130,311.4,0.0,true,0.0,21,15
526,136,86,130,311.4,0.0,true,0.0,21,15
527,131,86,130,311.4,0.0,true,0.0,21,15
528,137,86,131,311.6,0.0,true,0.0,21,15
529,141,86,132,311.8,0.0,true,0.0,21,16
530,134,86,131,311.8,0.0,true,0.0,21,15
531,130,86,131,311.8,0.0,true,0.0,21,14
532,144,86,131,311.8,0.0,true,0.0,21,16
533,139,87,130,311.6,0.0,true,0.0,21,15
534,134,87,131,311.6,0.0,true,0.0,21,15
535,136,86,130,311.6,0.0,true,0.0,21,15
536,122,86,129,311.6,0.0,true,0.0,21,14
537,142,86,128,312.0,0.0,true,0.0,21,16
538,139,86,128,312.0,0.0,true,0.0,21,15
539,139,86,128,312.0,0.0,true,0.0,21,15
540,142,86,128,311.4,0.0,true,0.0,21,16
541,140,86,128,311.4,0.0,true,0.0,21,16
542,140,87,128,311.4,0.0,true,0.0,21,15
543,137,86,128,311.4,0.0,true,0.0,21,15
544,137,86,127,311.4,0.0,true,0.0,21,15
545,134,86,128,311.6,0.0,true,0.0,21,15
546,125,86,128,311.6,0.0,true,0.0,21,14
547,133,85,128,311.6,0.0,true,0.0,21,15
548,131,85,128,311.4,0.0,true,0.0,21,15
549,131,85,128,311.4,0.0,true,0.0,21,15
550,130,85,129,311.4,0.0,true,0.0,21,15
551,130,85,129,311.4,0.0,true,0.0,21,15
552,132,85,128,311.4,0.0,true,0.0,21,15
553,131,85,127,311.6,0.0,true,0.0,21,15
554,129,85,127,311.6,0.0,true,0.0,21,14
555,124,85,127,311.6,0.0,true,0.0,21,14
556,124,85,127,311.6,0.0,true,0.0,21,14
557,137,85,127,312.0,0.0,true,0.0,21,15
558,126,85,127,312.0,0.0,true,0.0,21,14
559,134,85,127,312.0,0.0,true,0.0,21,15
560,133,85,127,311.4,0.0,true,0.0,21,15
561,136,86,127,311.6,0.0,true,0.0,21,15
562,132,86,127,311.6,0.0,true,0.0,21,15
563,131,86,127,311.6,0.0,true,0.0,21,15
564,137,85,127,311.8,0.0,true,0.0,21,15
565,134,85,127,311.6,0.0,true,0.0,21,15
566,133,85,127,311.6,0.0,true,0.0,21,15
567,133,85,127,311.6,0.0,true,0.0,21,15
568,126,85,127,311.6,0.0,true,0.0,21,14
569,130,85,127,311.6,0.0,true,0.0,21,15
570,129,85,127,311.6,0.0,true,0.0,21,14
571,137,85,127,311.6,0.0,true,0.0,21,15
572,128,85,127,311.8,0.0,true,0.0,21,14
573,130,85,127,311.8,0.0,true,0.0,21,15
574,124,85,126,311.8,0.0,true,0.0,21,14
575,126,84,126,311.8,0.0,true,0.0,21,14
576,135,85,127,312.0,0.0,true,0.0,21,15
577,142,85,127,311.8,0.0,true,0.0,21,16
578,143,85,127,311.8,0.0,true,0.0,21,16
579,128,86,127,311.8,0.0,true,0.0,21,14
580,142,86,127,311.8,0.0,true,0.0,21,16
581,112,87,127,312.0,0.0,true,0.0,21,12
582,129,86,127,312.0,0.0,true,0.0,21,14
583,125,85,127,312.0,0.0,true,0.0,21,14
584,125,85,127,312.0,0.0,true,0.0,21,14
585,125,85,127,312.0,0.0,true,0.0,21,14
586,127,85,127,312.0,0.0,true,0.0,21,14
587,137,85,127,312.0,0.0,true,0.0,21,15
588,140,86,127,312.0,0.0,true,0.0,21,16
589,136,86,127,311.6,0.0,true,0.0,21,15
590,142,86,127,311.6,0.0,true,0.0,21,16
591,132,87,127,311.6,0.0,true,0.0,21,14
592,139,87,127,312.0,0.0,true,0.0,21,15
593,132,86,127,312.0,0.0,true,0.0,21,15
594,128,86,127,312.0,0.0,true,0.0,21,14
595,135,86,127,312.0,0.0,true,0.0,21,15
596,142,86,127,312.0,0.0,true,0.0,21,16
597,133,87,127,311.8,0.0,true,0.0,21,15
598,125,86,127,311.8,0.0,true,0.0,21,14
599,135,86,127,311.8,0.0,true,0.0,21,15
600,136,86,127,311.8,0.0,true,0.0,21,15
601,134,86,127,311.8,0.0,true,0.0,21,15
602,135,86,127,311.8,0.0,true,0.0,21,15
603,128,87,127,311.8,0.0,true,0.0,21,14
604,137,87,127,311.4,0.0,true,0.0,21,15
605,137,86,127,311.6,0.0,true,0.0,21,15
606,124,87,127,311.6,0.0,true,0.0,21,14
607,147,88,128,311.6,0.0,true,0.0,21,16
608,129,87,129,311.4,0.0,true,0.0,21,14
609,111,86,129,311.6,0.0,true,0.0,21,12
610,120,84,129,311.6,0.0,true,0.0,21,14
611,122,83,129,311.6,0.0,true,0.0,21,14
612,131,83,129,311.6,0.0,true,0.0,21,15
613,113,82,127,311.8,0.0,true,0.0,21,13
614,115,82,127,311.8,0.0,true,0.0,21,13
615,135,82,127,311.8,0.0,true,0.0,21,16
616,135,82,127,311.8,0.0,true,0.0,21,16
617,0,0,127,311.8,0.0,true,0.0,21,0
618,0,0,127,311.8,0.0,true,0.0,21,0
619,0,0,127,311.8,0.0,true,0.0,21,0
620,0,0,126,312.0,0.0,true,0.0,21,0
621,0,0,125,312.0,0.0,true,0.0,21,0
622,0,0,123,312.0,0.0,true,0.0,21,0
623,0,0,120,312.0,0.0,true,0.0,21,0
624,0,0,119,311.8,0.0,true,0.0,21,0
625,0,0,117,311.8,0.0,true,0.0,21,0
626,162,75,117,311.8,0.0,true,0.0,21,21
627,154,86,117,311.8,0.0,true,0.0,21,17
628,151,87,117,311.8,0.0,true,0.0,21,17
629,177,94,118,311.6,0.0,true,0.0,21,18
630,145,95,120,311.6,0.0,true,0.0,21,15
631,144,94,122,311.6,0.0,true,0.0,21,15
632,161,94,123,312.0,0.0,true,0.0,21,16
633,173,95,125,312.0,0.0,true,0.0,21,17
634,149,95,125,312.0,0.0,true,0.0,21,15
635,150,94,125,312.0,0.0,true,0.0,21,15
636,163,94,125,312.0,0.0,true,0.0,21,17
637,204,96,125,311.8,0.0,true,0.0,21,20
638,196,97,125,311.8,0.0,true,0.0,21,19
639,189,84,124,311.8,0.0,true,0.0,21,21
640,189,84,125,311.8,0.0,true,0.0,21,21
641,165,87,125,311.8,0.0,true,0.0,21,18
642,157,85,125,311.8,0.0,true,0.0,21,18
643,143,84,125,311.8,0.0,true,0.0,21,16
644,158,83,126,311.8,0.0,true,0.0,21,18
645,159,84,127,311.6,0.0,true,0.0,21,18
646,155,83,126,311.6,0.0,true,0.0,21,18
647,149,83,128,311.6,0.0,true,0.0,21,17
648,156,83,128,311.8,0.0,true,0.0,21,18
649,160,83,128,311.8,0.0,true,0.0,21,18
650,160,83,128,311.8,0.0,true,0.0,21,18
651,165,84,127,311.8,0.0,true,0.0,21,19
652,176,86,126,312.0,0.0,true,0.0,21,20
653,167,87,126,312.0,0.0,true,0.0,21,18
654,168,87,126,312.0,0.0,true,0.0,21,18
655,177,87,127,312.0,0.0,true,0.0,21,19
656,173,87,127,312.0,0.0,true,0.0,21,19
657,168,86,127,311.8,0.0,true,0.0,21,19
658,152,87,127,311.8,0.0,true,0.0,21,17
659,166,86,127,311.8,0.0,true,0.0,21,18
660,153,86,127,311.8,0.0,true,0.0,21,17
661,154,86,128,311.8,0.0,true,0.0,21,17
662,170,85,129,311.8,0.0,true,0.0,21,19
663,129,83,129,311.8,0.0,true,0.0,21,15
664,153,82,129,311.8,0.0,true,0.0,21,18
665,162,82,129,312.0,0.0,true,0.0,21,19
666,164,83,129,312.0,0.0,true,0.0,21,19
667,161,85,129,312.0,0.0,true,0.0,21,18
668,156,85,130,312.0,0.0,true,0.0,21,18
669,156,85,131,312.0,0.0,true,0.0,21,18
670,162,85,131,312.0,0.0,true,0.0,21,18
671,155,85,131,312.0,0.0,true,0.0,21,17
672,150,83,131,312.0,0.0,true,0.0,21,17
673,153,84,131,312.0,0.0,true,0.0,21,17
674,152,83,131,312.0,0.0,true,0.0,21,17
675,164,84,130,312.0,0.0,true,0.0,21,19
676,152,84,129,312.0,0.0,true,0.0,21,17
677,163,84,129,312.2,0.0,true,0.0,21,19
678,150,84,129,312.2,0.0,true,0.0,21,17
679,154,84,129,312.2,0.0,true,0.0,21,18
680,157,83,129,312.2,0.0,true,0.0,21,18
681,163,83,129,311.6,0.0,true,0.0,21,19
682,154,84,130,311.6,0.0,true,0.0,21,18
683,163,84,130,311.6,0.0,true,0.0,21,19
684,165,85,129,312.0,0.0,true,0.0,21,19
685,159,85,129,311.8,0.0,true,0.0,21,18
686,158,84,129,311.8,0.0,true,0.0,21,18
687,153,85,129,311.8,0.0,true,0.0,21,17
688,144,84,129,311.8,0.0,true,0.0,21,16
689,154,84,129,312.2,0.0,true,0.0,21,18
690,166,85,130,312.2,0.0,true,0.0,21,19
691,147,84,130,312.2,0.0,true,0.0,21,17
692,152,84,130,312.0,0.0,true,0.0,21,17
693,146,83,130,312.0,0.0,true,0.0,21,17
694,158,83,130,312.0,0.0,true,0.0,21,18
695,159,84,129,312.0,0.0,true,0.0,21,18
696,145,84,129,311.8,0.0,true,0.0,21,16
697,153,83,129,312.0,0.0,true,0.0,21,18
698,161,84,129,312.0,0.0,true,0.0,21,18
699,186,86,129,312.0,0.0,true,0.0,21,21
700,165,88,129,312.0,0.0,true,0.0,21,18
701,184,89,130,312.0,0.0,true,0.0,21,20
702,155,89,130,312.0,0.0,true,0.0,21,17
703,164,88,130,312.0,0.0,true,0.0,21,18
704,164,87,130,312.0,0.0,true,0.0,21,18
705,160,87,130,311.8,0.0,true,0.0,21,18
706,171,87,130,311.8,0.0,true,0.0,21,19
707,165,88,130,311.8,0.0,true,0.0,21,18
708,173,88,130,312.0,0.0,true,0.0,21,19
709,158,89,130,311.8,0.0,true,0.0,21,17
710,166,88,130,311.8,0.0,true,0.0,21,18
711,162,87,130,311.8,0.0,true,0.0,21,18
712,170,87,131,311.8,0.0,true,0.0,21,19
713,155,87,131,311.8,0.0,true,0.0,21,17
714,145,86,131,311.8,0.0,true,0.0,21,16
715,159,85,132,311.8,0.0,true,0.0,21,18
716,162,86,133,311.8,0.0,true,0.0,21,18
717,156,86,133,311.6,0.0,true,0.0,21,17
718,148,85,132,311.6,0.0,true,0.0,21,17
719,169,85,132,311.6,0.0,true,0.0,21,19
720,163,87,133,311.6,0.0,true,0.0,21,18
721,163,87,133,311.8,0.0,true,0.0,21,18
722,148,87,133,311.8,0.0,true,0.0,21,16
723,173,87,133,311.8,0.0,true,0.0,21,19
724,149,86,133,311.8,0.0,true,0.0,21,17
725,160,85,133,311.6,0.0,true,0.0,21,18
726,158,85,133,311.6,0.0,true,0.0,21,18
727,160,85,133,311.6,0.0,true,0.0,21,18
728,163,86,133,312.0,0.0,true,0.0,21,18
729,172,87,133,311.8,0.0,true,0.0,21,19
730,180,87,133,311.8,0.0,true,0.0,21,20
731,167,88,133,311.8,0.0,true,0.0,21,18
732,170,89,133,311.8,0.0,true,0.0,21,18
733,169,89,135,311.8,0.0,true,0.0,21,18
734,168,89,136,311.8,0.0,true,0.0,21,18
735,162,89,136,311.8,0.0,true,0.0,21,17
736,157,88,136,311.6,0.0,true,0.0,21,17
737,167,87,136,311.4,0.0,true,0.0,21,18
738,168,87,136,311.4,0.0,true,0.0,21,18
739,165,88,136,311.4,0.0,true,0.0,21,18
740,159,89,136,312.0,0.0,true,0.0,21,17
741,161,88,136,311.8,0.0,true,0.0,21,17
742,164,87,136,311.8,0.0,true,0.0,21,18
743,166,88,136,311.8,0.0,true,0.0,21,18
744,162,88,136,311.8,0.0,true,0.0,21,18
745,159,88,136,312.0,0.0,true,0.0,21,17
746,168,88,136,312.0,0.0,true,0.0,21,18
747,156,88,136,312.0,0.0,true,0.0,21,17
748,174,87,136,311.8,0.0,true,0.0,21,19
749,170,88,137,311.6,0.0,true,0.0,21,18
750,186,89,137,311.6,0.0,true,0.0,21,20
751,185,90,137,311.6,0.0,true,0.0,21,20
752,169,91,137,311.6,0.0,true,0.0,21,18
753,168,90,137,312.0,0.0,true,0.0,21,18
754,156,89,137,312.0,0.0,true,0.0,21,17
755,163,89,136,312.0,0.0,true,0.0,21,17
756,170,88,136,312.0,0.0,true,0.0,21,18
757,165,89,136,311.6,0.0,true,0.0,21,18
758,176,89,137,311.6,0.0,true,0.0,21,19
759,158,89,136,311.6,0.0,true,0.0,21,17
760,161,89,137,311.8,0.0,true,0.0,21,17
761,176,88,138,312.0,0.0,true,0.0,21,19
762,165,89,138,312.0,0.0,true,0.0,21,18
763,168,89,138,312.0,0.0,true,0.0,21,18
764,157,88,138,312.2,0.0,true,0.0,21,17
765,155,89,139,312.4,0.0,true,0.0,21,17
766,168,88,139,312.4,0.0,true,0.0,21,18
767,180,89,139,312.4,0.0,true,0.0,21,19
768,148,89,138,311.6,0.0,true,0.0,21,16
769,172,88,138,311.8,0.0,true,0.0,21,19
770,154,88,138,311.8,0.0,true,0.0,21,17
771,176,88,137,311.8,0.0,true,0.0,21,19
772,156,89,138,311.8,0.0,true,0.0,21,17
773,171,89,137,312.0,0.0,true,0.0,21,18
774,157,88,137,312.0,0.0,true,0.0,21,17
775,161,88,137,312.0,0.0,true,0.0,21,17
776,163,87,136,312.0,0.0,true,0.0,21,18
777,170,87,136,312.2,0.0,true,0.0,21,19
778,172,88,137,312.2,0.0,true,0.0,21,19
779,165,89,137,312.2,0.0,true,0.0,21,18
780,162,88,138,312.2,0.0,true,0.0,21,18
781,156,88,138,312.4,0.0,true,0.0,21,17
782,174,88,137,312.4,0.0,true,0.0,21,19
783,139,87,137,312.4,0.0,true,0.0,21,15
784,139,87,137,312.4,0.0,true,0.0,21,15
785,0,0,137,312.4,0.0,true,0.0,21,0
786,0,0,137,312.4,0.0,true,0.0,21,0
787,0,0,136,312.4,0.0,true,0.0,21,0
788,0,0,136,312.4,0.0,true,0.0,21,0
789,0,0,135,312.4,0.0,true,0.0,21,0
790,0,0,133,312.4,0.0,true,0.0,21,0
791,0,0,131,312.4,0.0,true,0.0,21,0
792,0,0,131,312.2,0.0,true,0.0,21,0
793,0,0,129,312.0,0.0,true,0.0,21,0
794,0,0,128,312.0,0.0,true,0.0,21,0
795,0,0,127,312.0,0.0,true,0.0,21,0
796,228,77,127,312.0,0.0,true,0.0,21,28
797,308,104,127,312.0,0.0,true,0.0,21,28
798,326,116,127,312.0,0.0,true,0.0,21,27
799,303,122,128,312.0,0.0,true,0.0,21,24
800,297,124,129,312.0,0.0,true,0.0,21,23
801,293,124,131,312.0,0.0,true,0.0,21,23
802,258,123,132,312.0,0.0,true,0.0,21,20
803,259,121,134,312.0,0.0,true,0.0,21,20
804,269,120,134,312.4,0.0,true,0.0,21,21
805,297,106,135,312.2,0.0,true,0.0,21,27
806,296,105,136,312.2,0.0,true,0.0,21,27
807,320,106,137,312.2,0.0,true,0.0,21,29
808,307,109,138,312.2,0.0,true,0.0,21,27
809,303,110,139,312.4,0.0,true,0.0,21,26
810,270,109,139,312.4,0.0,true,0.0,21,24
811,274,107,139,312.4,0.0,true,0.0,21,24
812,281,107,140,312.4,0.0,true,0.0,21,25
813,281,106,142,312.6,0.0,true,0.0,21,25
814,288,105,143,312.6,0.0,true,0.0,21,26
815,273,106,143,312.6,0.0,true,0.0,21,25
816,289,106,143,312.6,0.0,true,0.0,21,26
817,291,107,143,312.4,0.0,true,0.0,21,26
818,291,107,143,312.4,0.0,true,0.0,21,26
819,271,106,144,312.4,0.0,true,0.0,21,24
820,277,107,145,312.4,0.0,true,0.0,21,25
821,332,107,145,312.4,0.0,true,0.0,21,30
822,285,109,145,312.4,0.0,true,0.0,21,25
823,296,110,145,312.4,0.0,true,0.0,21,26
824,287,109,145,312.4,0.0,true,0.0,21,25
825,287,109,146,312.2,0.0,true,0.0,21,25
826,60,82,148,312.2,0.0,true,0.0,21,7
827,41,75,150,312.2,0.0,true,0.0,21,5
828,67,73,150,311.8,0.0,true,0.0,21,9
829,86,72,149,312.0,0.0,true,0.0,21,11
830,80,71,150,312.0,0.0,true,0.0,21,11
831,105,72,150,312.0,0.0,true,0.0,21,14
832,97,79,149,312.0,0.0,true,0.0,21,12
833,127,70,149,312.2,0.0,true,0.0,21,17
834,116,72,149,312.2,0.0,true,0.0,21,15
835,116,72,148,312.2,0.0,true,0.0,21,15
836,125,73,147,312.2,0.0,true,0.0,21,16
837,121,74,147,312.0,0.0,true,0.0,21,16
838,125,75,145,312.0,0.0,true,0.0,21,16
839,124,75,145,312.0,0.0,true,0.0,21,16
840,129,76,146,311.6,0.0,true,0.0,21,16
841,108,76,146,311.8,0.0,true,0.0,21,14
842,100,74,146,311.8,0.0,true,0.0,21,13
843,120,73,146,311.8,0.0,true,0.0,21,16
844,104,72,146,311.8,0.0,true,0.0,21,14
845,104,72,146,311.8,0.0,true,0.0,21,14
846,114,71,146,311.8,0.0,true,0.0,21,15
847,112,71,146,311.8,0.0,true,0.0,21,15
848,105,72,144,311.8,0.0,true,0.0,21,14
849,109,71,144,312.0,0.0,true,0.0,21,15
850,111,72,144,312.0,0.0,true,0.0,21,15
851,106,71,143,312.0,0.0,true,0.0,21,14
852,112,71,143,312.0,0.0,true,0.0,21,15
853,114,71,142,311.8,0.0,true,0.0,21,15
854,116,72,143,311.8,0.0,true,0.0,21,15
855,114,71,142,311.8,0.0,true,0.0,21,15
856,112,72,142,311.8,0.0,true,0.0,21,15
857,113,72,142,311.8,0.0,true,0.0,21,15
858,110,72,142,311.8,0.0,true,0.0,21,15
859,111,71,142,311.8,0.0,true,0.0,21,15
860,107,71,142,311.8,0.0,true,0.0,21,14
861,126,71,142,312.0,0.0,true,0.0,21,17
862,102,72,141,312.0,0.0,true,0.0,21,14
863,100,71,140,312.0,0.0,true,0.0,21,13
864,114,71,140,311.8,0.0,true,0.0,21,15
865,99,71,139,311.6,0.0,true,0.0,21,13
866,60,70,139,311.6,0.0,true,0.0,21,8
867,89,69,140,311.6,0.0,true,0.0,21,12
868,97,70,139,312.0,0.0,true,0.0,21,13
869,92,71,139,312.2,0.0,true,0.0,21,12
870,97,72,139,312.2,0.0,true,0.0,21,13
871,98,74,138,312.2,0.0,true,0.0,21,13
872,101,75,137,312.0,0.0,true,0.0,21,13
873,103,75,137,312.0,0.0,true,0.0,21,13
874,120,76,137,312.0,0.0,true,0.0,21,15
875,98,77,136,312.0,0.0,true,0.0,21,12
876,54,77,136,312.0,0.0,true,0.0,21,7
877,88,78,136,311.8,0.0,true,0.0,21,11
878,98,78,136,311.8,0.0,true,0.0,21,12
879,95,80,135,311.8,0.0,true,0.0,21,11
880,86,80,136,312.0,0.0,true,0.0,21,10
881,89,79,136,312.0,0.0,true,0.0,21,11
882,98,79,136,312.0,0.0,true,0.0,21,12
883,86,80,136,312.0,0.0,true,0.0,21,10
884,89,79,136,311.8,0.0,true,0.0,21,11
885,85,79,136,311.8,0.0,true,0.0,21,10
886,88,79,136,311.8,0.0,true,0.0,21,11
887,88,79,135,311.8,0.0,true,0.0,21,11
888,80,79,134,311.8,0.0,true,0.0,21,10
889,85,78,134,311.8,0.0,true,0.0,21,10
890,86,77,133,311.8,0.0,true,0.0,21,11
891,92,77,132,311.8,0.0,true,0.0,21,11
892,95,78,132,311.8,0.0,true,0.0,21,12
893,84,78,131,312.0,0.0,true,0.0,21,10
894,84,78,131,312.0,0.0,true,0.0,21,10
895,0,0,131,312.0,0.0,true,0.0,21,0
896,0,0,131,312.0,0.0,true,0.0,21,0
897,0,0,131,311.8,0.0,true,0.0,21,0
898,0,0,130,311.8,0.0,true,0.0,21,0
899,0,0,130,311.8,0.0,true,0.0,21,0
900,0,0,127,311.4,0.0,true,0.0,21,0
901,0,0,126,311.8,0.0,true,0.0,21,0
902,0,0,124,311.8,0.0,true,0.0,21,0
903,108,78,123,311.8,0.0,true,0.0,21,13
904,97,85,123,311.6,0.0,true,0.0,21,11
905,113,85,123,311.4,0.0,true,0.0,21,13
906,104,86,124,311.4,0.0,true,0.0,21,12
907,96,86,125,311.4,0.0,true,0.0,21,11
908,96,85,126,311.4,0.0,true,0.0,21,11
909,94,84,127,311.6,0.0,true,0.0,21,11
910,94,84,127,311.6,0.0,true,0.0,21,11
911,100,84,127,311.6,0.0,true,0.0,21,11
912,101,84,127,311.6,0.0,true,0.0,21,11
913,211,84,127,311.6,0.0,true,0.0,21,24
914,272,94,127,311.6,0.0,true,0.0,21,28
915,373,130,126,311.6,0.0,true,0.0,21,27
916,399,120,126,311.6,0.0,true,0.0,21,32
917,341,136,127,311.6,0.0,true,0.0,21,24
918,269,136,128,311.6,0.0,true,0.0,21,19
919,362,116,128,311.6,0.0,true,0.0,21,30
920,311,117,129,311.6,0.0,true,0.0,21,25
921,233,113,131,311.2,0.0,true,0.0,21,20
922,252,103,132,311.2,0.0,true,0.0,21,23
923,189,103,133,311.2,0.0,true,0.0,21,18
924,182,102,133,311.6,0.0,true,0.0,21,17
925,160,80,133,311.4,0.0,true,0.0,21,19
926,240,101,135,311.4,0.0,true,0.0,21,23
927,260,103,136,311.4,0.0,true,0.0,21,24
928,237,112,136,311.4,0.0,true,0.0,21,20
929,270,111,136,311.4,0.0,true,0.0,21,23
930,250,112,136,311.4,0.0,true,0.0,21,21
931,263,113,136,311.4,0.0,true,0.0,21,22
932,255,114,137,311.4,0.0,true,0.0,21,21
933,232,114,138,311.8,0.0,true,0.0,21,19
934,242,114,139,311.8,0.0,true,0.0,21,20
935,201,112,140,311.8,0.0,true,0.0,21,17
936,271,123,139,311.8,0.0,true,0.0,21,21
937,316,116,139,311.8,0.0,true,0.0,21,26
938,240,115,140,311.8,0.0,true,0.0,21,20
939,233,115,140,311.8,0.0,true,0.0,21,19
940,298,114,142,311.8,0.0,true,0.0,21,25
941,136,116,142,311.6,0.0,true,0.0,21,11
942,158,101,142,311.6,0.0,true,0.0,21,15
943,116,90,143,311.6,0.0,true,0.0,21,12
944,116,90,143,311.6,0.0,true,0.0,21,12
945,0,0,143,311.6,0.0,true,0.0,21,0
946,0,0,143,311.6,0.0,true,0.0,21,0
947,0,0,143,311.6,0.0,true,0.0,21,0
948,0,0,143,311.4,0.0,true,0.0,21,0
949,107,65,141,311.4,0.0,true,0.0,21,16
950,108,67,139,311.4,0.0,true,0.0,21,15
951,99,67,139,311.4,0.0,true,0.0,21,14
952,100,67,139,311.4,0.0,true,0.0,21,14
953,100,68,139,311.4,0.0,true,0.0,21,14
954,104,68,139,311.4,0.0,true,0.0,21,15
955,112,68,139,311.4,0.0,true,0.0,21,16
956,119,69,139,311.4,0.0,true,0.0,21,16
957,109,70,139,311.4,0.0,true,0.0,21,15
958,112,71,139,311.4,0.0,true,0.0,21,15
959,100,71,139,311.4,0.0,true,0.0,21,13
960,116,71,139,311.4,0.0,true,0.0,21,16
961,116,70,139,311.4,0.0,true,0.0,21,16
962,109,71,139,311.4,0.0,true,0.0,21,15
963,108,71,139,311.4,0.0,true,0.0,21,15
964,114,71,139,311.4,0.0,true,0.0,21,15
965,121,71,138,311.2,0.0,true,0.0,21,16
966,113,72,137,311.2,0.0,true,0.0,21,15
967,101,72,137,311.2,0.0,true,0.0,21,13
968,109,71,137,311.2,0.0,true,0.0,21,15
969,113,71,136,310.8,0.0,true,0.0,21,15
970,116,71,136,310.8,0.0,true,0.0,21,16
971,116,71,136,310.8,0.0,true,0.0,21,16
972,114,71,136,311.2,0.0,true,0.0,21,15
973,103,71,136,311.0,0.0,true,0.0,21,14
974,112,71,136,311.0,0.0,true,0.0,21,15
975,109,71,136,311.0,0.0,true,0.0,21,15
976,112,71,136,311.4,0.0,true,0.0,22,15
977,124,71,136,311.4,0.0,true,0.0,22,17
978,121,71,136,311.4,0.0,true,0.0,22,16
979,109,71,136,311.4,0.0,true,0.0,21,15
980,109,71,136,311.4,0.0,true,0.0,21,15
981,112,71,136,310.8,0.0,true,0.0,22,15
982,118,72,136,310.8,0.0,true,0.0,22,16
983,107,72,136,310.8,0.0,true,0.0,22,14
984,111,71,136,311.4,0.0,true,0.0,22,15
985,123,72,136,310.8,0.0,true,0.0,22,16
986,118,72,136,310.8,0.0,true,0.0,22,16
987,112,72,136,310.8,0.0,true,0.0,22,15
988,124,72,135,310.8,0.0,true,0.0,22,16
989,118,72,134,311.0,0.0,true,0.0,22,16
990,109,72,133,311.0,0.0,true,0.0,22,14
991,118,73,133,311.0,0.0,true,0.0,22,15
992,70,72,133,311.0,0.0,true,0.0,22,9
993,95,70,133,311.2,0.0,true,0.0,22,13
994,64,70,133,311.2,0.0,true,0.0,22,9
995,61,71,133,311.2,0.0,true,0.0,22,8
996,90,72,133,311.2,0.0,true,0.0,22,12
997,81,74,132,311.2,0.0,true,0.0,22,10
998,98,75,132,311.2,0.0,true,0.0,22,12
999,97,77,132,311.2,0.0,true,0.0,22,12
1000,83,79,131,311.2,0.0,true,0.0,22,10
1001,83,79,131,311.0,0.0,true,0.0,22,10
1002,87,80,130,311.0,0.0,true,0.0,22,10
1003,80,79,130,311.0,0.0,true,0.0,22,10
1004,80,78,130,311.0,0.0,true,0.0,22,10
1005,85,77,130,311.2,0.0,true,0.0,22,11
1006,85,77,130,311.2,0.0,true,0.0,22,11
1007,91,77,130,311.2,0.0,true,0.0,22,11
1008,95,78,129,311.0,0.0,true,0.0,22,12
1009,80,79,130,310.8,0.0,true,0.0,22,10
1010,86,78,129,310.8,0.0,true,0.0,22,11
1011,95,78,129,310.8,0.0,true,0.0,22,12
1012,85,78,129,311.0,0.0,true,0.0,22,10
1013,91,78,129,311.2,0.0,true,0.0,22,11
1014,91,78,130,311.2,0.0,true,0.0,22,11
1015,84,79,130,311.2,0.0,true,0.0,22,10
1016,87,78,130,311.2,0.0,true,0.0,22,11
1017,83,78,129,310.8,0.0,true,0.0,22,10
1018,85,78,128,310.8,0.0,true,0.0,22,10
1019,89,78,127,310.8,0.0,true,0.0,22,11
1020,82,77,127,310.8,0.0,true,0.0,22,10
1021,98,78,127,310.8,0.0,true,0.0,22,12
1022,83,78,127,310.8,0.0,true,0.0,22,10
1023,88,78,127,310.8,0.0,true,0.0,22,11
1024,86,78,127,310.8,0.0,true,0.0,22,11
1025,91,78,127,310.8,0.0,true,0.0,22,11
1026,89,78,127,310.8,0.0,true,0.0,22,11
1027,82,79,127,310.8,0.0,true,0.0,22,10
1028,83,77,126,310.8,0.0,true,0.0,22,10
1029,88,77,126,310.8,0.0,true,0.0,22,11
1030,87,77,126,310.8,0.0,true,0.0,22,11
1031,87,78,126,310.8,0.0,true,0.0,22,11
1032,91,78,126,310.8,0.0,true,0.0,22,11
1033,89,79,124,311.0,0.0,true,0.0,22,11
1034,95,78,125,311.0,0.0,true,0.0,22,12
1035,88,79,125,311.0,0.0,true,0.0,22,11
1036,103,80,124,310.8,0.0,true,0.0,22,12
1037,89,80,124,311.2,0.0,true,0.0,22,11
1038,82,79,124,311.2,0.0,true,0.0,22,10
1039,88,79,125,311.2,0.0,true,0.0,22,11
1040,90,79,125,311.2,0.0,true,0.0,22,11
1041,89,78,124,311.2,0.0,true,0.0,22,11
1042,95,79,124,311.2,0.0,true,0.0,22,11
1043,92,79,124,311.2,0.0,true,0.0,22,11
1044,86,80,125,311.2,0.0,true,0.0,22,10
1045,86,79,124,310.8,0.0,true,0.0,22,10
1046,97,79,124,310.8,0.0,true,0.0,22,12
1047,84,79,124,310.8,0.0,true,0.0,22,10
1048,104,80,124,310.8,0.0,true,0.0,22,12
1049,98,80,124,310.4,0.0,true,0.0,22,12
1050,101,81,124,310.4,0.0,true,0.0,22,12
1051,84,81,125,310.4,0.0,true,0.0,22,10
1052,95,80,124,310.6,0.0,true,0.0,22,11
1053,95,81,124,310.8,0.0,true,0.0,22,11
1054,90,81,124,310.8,0.0,true,0.0,22,11
1055,96,80,124,310.8,0.0,true,0.0,22,11
1056,91,80,124,310.8,0.0,true,0.0,22,11
1057,92,80,124,310.8,0.0,true,0.0,22,11
1058,95,80,124,310.8,0.0,true,0.0,22,11
1059,96,80,124,310.8,0.0,true,0.0,22,11
1060,97,80,124,310.8,0.0,true,0.0,22,12
1061,97,80,124,311.2,0.0,true,0.0,22,12
1062,90,80,124,311.2,0.0,true,0.0,22,11
1063,97,80,125,311.2,0.0,true,0.0,22,12
1064,94,80,125,310.8,0.0,true,0.0,22,11
1065,87,80,125,310.8,0.0,true,0.0,22,10
1066,94,79,125,310.8,0.0,true,0.0,22,11
1067,99,79,125,310.8,0.0,true,0.0,22,12
1068,94,80,125,310.8,0.0,true,0.0,22,11
1069,82,79,124,310.6,0.0,true,0.0,22,10
1070,82,79,124,310.6,0.0,true,0.0,22,10
1071,14,37,124,310.6,0.0,true,0.0,22,4
1072,71,49,124,310.6,0.0,true,0.0,22,14
1073,95,69,124,310.4,0.0,true,0.0,22,13
1074,88,75,123,310.4,0.0,true,0.0,22,11
1075,84,75,123,310.4,0.0,true,0.0,22,11
1076,101,76,123,310.8,0.0,true,0.0,22,13
1077,102,80,123,310.8,0.0,true,0.0,22,12
1078,95,80,123,310.8,0.0,true,0.0,22,11
1079,100,81,122,310.8,0.0,true,0.0,22,12
1080,94,81,123,310.8,0.0,true,0.0,22,11
1081,86,80,123,310.8,0.0,true,0.0,22,10
1082,88,80,123,310.8,0.0,true,0.0,22,11
1083,88,79,123,310.8,0.0,true,0.0,22,11
1084,89,78,123,310.8,0.0,true,0.0,22,11
1085,91,78,123,310.8,0.0,true,0.0,22,11
1086,91,78,123,310.8,0.0,true,0.0,22,11
1087,89,78,122,310.8,0.0,true,0.0,22,11
1088,86,78,122,310.8,0.0,true,0.0,22,11
1089,92,78,122,311.0,0.0,true,0.0,22,11
1090,87,78,122,311.0,0.0,true,0.0,22,11
1091,99,78,122,311.0,0.0,true,0.0,22,12
1092,95,80,122,311.0,0.0,true,0.0,22,11
1093,96,80,122,310.8,0.0,true,0.0,22,11
1094,89,80,123,310.8,0.0,true,0.0,22,11
1095,90,80,123,310.8,0.0,true,0.0,22,11
1096,96,80,123,310.8,0.0,true,0.0,22,11
1097,97,80,123,310.8,0.0,true,0.0,22,12
1098,43,81,122,310.8,0.0,true,0.0,22,5
1099,43,79,122,310.8,0.0,true,0.0,22,5
1100,0,0,122,310.8,0.0,true,0.0,22,0
1101,0,0,122,310.8,0.0,true,0.0,22,0
1102,0,0,122,310.8,0.0,true,0.0,22,0
1103,0,0,122,310.8,0.0,true,0.0,22,0
1104,0,0,121,310.8,0.0,true,0.0,22,0
1105,0,0,120,310.8,0.0,true,0.0,22,0
1106,0,0,116,310.8,0.0,true,0.0,22,0
1107,96,68,116,310.8,0.0,true,0.0,22,13
1108,91,75,116,310.4,0.0,true,0.0,22,12
1109,95,78,116,310.6,0.0,true,0.0,22,12
1110,88,78,117,310.6,0.0,true,0.0,22,11
1111,86,77,118,310.6,0.0,true,0.0,22,11
1112,88,77,120,310.6,0.0,true,0.0,22,11
1113,96,77,121,310.8,0.0,true,0.0,22,12
1114,74,77,122,310.8,0.0,true,0.0,22,9
1115,74,77,122,310.8,0.0,true,0.0,22,9
1116,0,0,122,310.8,0.0,true,0.0,22,0
1117,0,0,122,310.4,0.0,true,0.0,22,0
1118,0,0,121,310.4,0.0,true,0.0,22,0
1119,0,0,118,310.4,0.0,true,0.0,22,0
1120,0,0,113,310.8,0.0,true,0.0,22,0
1121,100,76,111,310.8,0.0,true,0.0,22,13
1122,103,79,110,310.8,0.0,true,0.0,22,12
1123,103,79,110,310.8,0.0,true,0.0,22,12
1124,100,81,110,310.8,0.0,true,0.0,22,12
1125,95,82,112,310.8,0.0,true,0.0,22,11
1126,96,82,115,310.8,0.0,true,0.0,22,11
1127,96,83,116,310.8,0.0,true,0.0,22,11
1128,106,83,118,310.8,0.0,true,0.0,22,12
1129,95,84,119,310.6,0.0,true,0.0,22,11
1130,94,83,119,310.6,0.0,true,0.0,22,11
1131,95,83,120,310.6,0.0,true,0.0,22,11
1132,90,82,119,310.6,0.0,true,0.0,22,10
1133,89,81,119,310.6,0.0,true,0.0,22,10
1134,93,80,119,310.6,0.0,true,0.0,22,11
1135,92,80,119,310.6,0.0,true,0.0,22,11
1136,96,80,119,310.8,0.0,true,0.0,22,11
1137,102,80,119,310.8,0.0,true,0.0,22,12
1138,93,80,120,310.8,0.0,true,0.0,22,11
1139,95,80,120,310.8,0.0,true,0.0,22,11
1140,98,80,120,310.2,0.0,true,0.0,22,12
1141,95,80,120,310.8,0.0,true,0.0,22,11
1142,94,80,120,310.8,0.0,true,0.0,22,11
1143,100,80,120,310.8,0.0,true,0.0,22,12
1144,100,80,120,310.2,0.0,true,0.0,22,12
1145,97,79,120,310.6,0.0,true,0.0,22,12
1146,95,79,120,310.6,0.0,true,0.0,22,11
1147,87,79,120,310.6,0.0,true,0.0,22,11
1148,92,79,120,310.6,0.0,true,0.0,22,11
1149,96,80,121,310.2,0.0,true,0.0,22,11
1150,90,81,121,310.2,0.0,true,0.0,22,11
1151,90,80,120,310.2,0.0,true,0.0,22,11
1152,89,79,120,310.2,0.0,true,0.0,22,11
1153,99,80,120,310.2,0.0,true,0.0,22,12
1154,87,79,120,310.2,0.0,true,0.0,22,11
1155,97,80,120,310.2,0.0,true,0.0,22,12
1156,98,80,120,310.4,0.0,true,0.0,22,12
1157,98,80,120,310.4,0.0,true,0.0,22,12
1158,86,80,121,310.4,0.0,true,0.0,22,10
1159,100,80,122,310.4,0.0,true,0.0,22,12
1160,92,81,122,310.4,0.0,true,0.0,22,11
1161,98,81,122,310.2,0.0,true,0.0,22,12
1162,91,80,122,310.2,0.0,true,0.0,22,11
1163,88,79,122,310.2,0.0,true,0.0,22,11
1164,92,79,122,310.4,0.0,true,0.0,22,11
1165,109,80,122,310.4,0.0,true,0.0,22,13
1166,88,80,122,310.4,0.0,true,0.0,22,11
1167,75,78,122,310.4,0.0,true,0.0,22,9
1168,85,76,122,310.4,0.0,true,0.0,22,11
1169,89,76,123,310.8,0.0,true,0.0,22,11
1170,99,76,124,310.8,0.0,true,0.0,22,12
1171,89,78,125,310.8,0.0,true,0.0,22,11
1172,87,77,125,310.4,0.0,true,0.0,22,11
1173,98,77,125,310.2,0.0,true,0.0,22,12
1174,99,78,125,310.2,0.0,true,0.0,22,12
1175,91,79,125,310.2,0.0,true,0.0,22,11
1176,97,80,125,310.2,0.0,true,0.0,22,12
1177,89,80,124,310.6,0.0,true,0.0,22,11
1178,94,79,122,310.6,0.0,true,0.0,22,11
1179,94,79,122,310.6,0.0,true,0.0,22,11
1180,97,80,122,310.4,0.0,true,0.0,22,12
1181,93,81,122,310.4,0.0,true,0.0,22,11
1182,94,81,122,310.4,0.0,true,0.0,22,11
1183,98,81,123,310.4,0.0,true,0.0,22,12
1184,111,81,124,310.8,0.0,true,0.0,22,13
1185,81,81,124,310.2,0.0,true,0.0,22,10
1186,62,74,125,310.2,0.0,true,0.0,22,8
1187,91,73,124,310.2,0.0,true,0.0,22,12
1188,65,74,123,310.2,0.0,true,0.0,22,8
1189,105,80,122,310.2,0.0,true,0.0,22,13
1190,74,80,122,310.2,0.0,true,0.0,22,9
1191,74,80,122,310.2,0.0,true,0.0,22,9
1192,0,0,122,310.2,0.0,true,0.0,22,0
1193,0,0,122,310.2,0.0,true,0.0,22,0
1194,74,50,121,310.2,0.0,true,0.0,22,14
1195,74,50,121,310.2,0.0,true,0.0,22,14
1196,74,50,121,310.2,0.0,true,0.0,22,14
1197,0,0,121,310.2,0.0,true,0.0,22,0
1198,0,0,121,310.2,0.0,true,0.0,22,0
1199,0,0,121,310.2,0.0,true,0.0,22,0
1200,72,42,122,310.2,0.0,true,0.0,22,16
1201,89,67,122,310.2,0.0,true,0.0,22,13
1202,93,74,121,310.2,0.0,true,0.0,22,12
1203,98,75,122,310.2,0.0,true,0.0,22,12
1204,97,77,122,310.2,0.0,true,0.0,22,12
1205,92,78,122,310.2,0.0,true,0.0,22,11
1206,96,78,122,310.2,0.0,true,0.0,22,12
1207,96,78,122,310.2,0.0,true,0.0,22,12
1208,94,78,122,310.2,0.0,true,0.0,22,12
1209,101,80,122,309.8,0.0,true,0.0,22,12
1210,101,81,121,309.8,0.0,true,0.0,22,12
1211,96,81,121,309.8,0.0,true,0.0,22,11
1212,104,81,120,310.2,0.0,true,0.0,22,12
1213,98,81,120,310.6,0.0,true,0.0,22,12
1214,103,82,120,310.6,0.0,true,0.0,22,12
1215,94,82,119,310.6,0.0,true,0.0,22,11
1216,99,82,119,310.6,0.0,true,0.0,22,12
1217,97,82,119,310.4,0.0,true,0.0,22,11
1218,94,82,119,310.4,0.0,true,0.0,22,11
1219,98,81,119,310.4,0.0,true,0.0,22,12
1220,98,81,119,310.4,0.0,true,0.0,22,12
1221,94,81,119,310.6,0.0,true,0.0,22,11
1222,94,79,119,310.6,0.0,true,0.0,22,11
1223,106,79,119,310.6,0.0,true,0.0,22,13
1224,93,80,119,310.4,0.0,true,0.0,22,11
1225,93,81,119,310.4,0.0,true,0.0,22,11
1226,93,81,119,310.4,0.0,true,0.0,22,11
1227,90,80,119,310.4,0.0,true,0.0,22,11
1228,99,80,119,310.4,0.0,true,0.0,22,12
1229,91,80,119,310.8,0.0,true,0.0,22,11
1230,95,80,119,310.8,0.0,true,0.0,22,11
1231,95,80,119,310.8,0.0,true,0.0,22,11
1232,104,80,119,310.8,0.0,true,0.0,22,12
1233,93,80,120,310.4,0.0,true,0.0,22,11
1234,89,80,120,310.4,0.0,true,0.0,22,11
1235,103,79,119,310.4,0.0,true,0.0,22,12
1236,100,80,119,310.4,0.0,true,0.0,22,12
1237,99,81,119,310.4,0.0,true,0.0,22,12
1238,95,81,118,310.4,0.0,true,0.0,22,11
1239,92,81,119,310.4,0.0,true,0.0,22,11
1240,101,80,119,310.4,0.0,true,0.0,22,12
1241,100,80,118,310.2,0.0,true,0.0,22,12
1242,96,81,118,310.2,0.0,true,0.0,22,11
1243,107,81,118,310.2,0.0,true,0.0,22,13
1244,108,82,118,310.2,0.0,true,0.0,22,13
1245,108,82,118,310.2,0.0,true,0.0,22,13
1246,97,81,118,310.2,0.0,true,0.0,22,11
1247,100,81,118,310.2,0.0,true,0.0,22,12
1248,103,81,119,310.4,0.0,true,0.0,22,12
1249,94,82,119,310.2,0.0,true,0.0,22,11
1250,95,81,119,310.2,0.0,true,0.0,22,11
1251,97,81,119,310.2,0.0,true,0.0,22,11
1252,97,81,118,310.2,0.0,true,0.0,22,11
1253,103,81,118,310.2,0.0,true,0.0,22,12
1254,92,81,118,310.2,0.0,true,0.0,22,11
1255,95,80,118,310.2,0.0,true,0.0,22,11
1256,101,80,119,310.2,0.0,true,0.0,22,12
1257,98,81,119,310.4,0.0,true,0.0,22,12
1258,98,81,119,310.4,0.0,true,0.0,22,12
1259,97,81,119,310.4,0.0,true,0.0,22,11
1260,97,82,119,310.4,0.0,true,0.0,22,11
1261,99,81,120,310.4,0.0,true,0.0,22,12
1262,99,81,120,310.4,0.0,true,0.0,22,12
1263,104,81,120,310.4,0.0,true,0.0,22,12
1264,108,82,120,310.4,0.0,true,0.0,22,13
1265,97,83,120,310.4,0.0,true,0.0,22,11
1266,97,82,120,310.4,0.0,true,0.0,22,11
1267,96,82,120,310.4,0.0,true,0.0,22,11
1268,92,81,120,310.2,0.0,true,0.0,22,11
1269,88,79,119,310.4,0.0,true,0.0,22,11
1270,111,80,119,310.4,0.0,true,0.0,22,13
1271,91,81,119,310.4,0.0,true,0.0,22,11
1272,92,81,119,310.4,0.0,true,0.0,22,11
1273,100,80,119,310.2,0.0,true,0.0,22,12
1274,96,80,119,310.2,0.0,true,0.0,22,11
1275,97,80,120,310.2,0.0,true,0.0,22,12
1276,90,81,120,310.6,0.0,true,0.0,22,11
1277,99,80,120,310.6,0.0,true,0.0,22,12
1278,94,81,120,310.6,0.0,true,0.0,22,11
1279,92,81,120,310.6,0.0,true,0.0,22,11
1280,99,81,120,310.6,0.0,true,0.0,22,12
1281,87,80,120,310.4,0.0,true,0.0,22,10
1282,99,80,120,310.4,0.0,true,0.0,22,12
1283,94,80,120,310.4,0.0,true,0.0,22,11
1284,94,80,120,310.4,0.0,true,0.0,22,11
1285,95,80,119,310.4,0.0,true,0.0,22,11
1286,101,80,119,310.4,0.0,true,0.0,22,12
1287,92,80,119,310.4,0.0,true,0.0,22,11
1288,96,81,119,310.4,0.0,true,0.0,22,11
1289,96,80,119,310.4,0.0,true,0.0,22,11
1290,94,80,119,310.4,0.0,true,0.0,22,11
1291,90,80,120,310.4,0.0,true,0.0,22,11
1292,90,79,120,310.4,0.0,true,0.0,22,11
1293,84,79,120,310.4,0.0,true,0.0,22,10
1294,98,78,120,310.4,0.0,true,0.0,22,12
1295,95,78,120,310.4,0.0,true,0.0,22,12
1296,90,79,120,310.6,0.0,true,0.0,22,11
1297,99,79,120,310.6,0.0,true,0.0,22,12
1298,97,79,120,310.6,0.0,true,0.0,22,12
1299,101,80,119,310.6,0.0,true,0.0,22,12
1300,84,80,119,310.6,0.0,true,0.0,22,10
1301,95,78,120,310.6,0.0,true,0.0,22,12
1302,91,78,120,310.6,0.0,true,0.0,22,11
1303,90,77,120,310.6,0.0,true,0.0,22,11
1304,108,78,121,310.4,0.0,true,0.0,22,13
1305,97,81,121,310.4,0.0,true,0.0,22,11
1306,69,80,121,310.4,0.0,true,0.0,22,8
1307,119,78,121,310.4,0.0,true,0.0,22,15
1308,88,80,122,310.4,0.0,true,0.0,22,11
1309,88,80,122,310.4,0.0,true,0.0,22,11
1310,93,78,122,310.4,0.0,true,0.0,22,11
1311,99,78,123,310.4,0.0,true,0.0,22,12
1312,97,79,123,310.4,0.0,true,0.0,22,12
1313,100,79,124,310.6,0.0,true,0.0,22,12
1314,93,80,125,310.6,0.0,true,0.0,22,11
1315,89,80,124,310.6,0.0,true,0.0,22,11
1316,89,79,123,310.6,0.0,true,0.0,22,11
1317,77,79,123,310.4,0.0,true,0.0,22,9
1318,101,78,122,310.4,0.0,true,0.0,22,12
1319,95,78,122,310.4,0.0,true,0.0,22,12
1320,92,79,122,310.4,0.0,true,0.0,22,11
1321,87,78,121,310.4,0.0,true,0.0,22,11
1322,92,78,120,310.4,0.0,true,0.0,22,11
1323,75,78,120,310.4,0.0,true,0.0,22,9
1324,75,78,120,310.4,0.0,true,0.0,22,9
1325,0,0,120,310.6,0.0,true,0.0,22,0
1326,0,0,120,310.6,0.0,true,0.0,22,0
1327,0,0,119,310.6,0.0,true,0.0,22,0
1328,0,0,118,310.6,0.0,true,0.0,22,0
1329,0,0,116,310.6,0.0,true,0.0,22,0
1330,0,0,114,310.6,0.0,true,0.0,22,0
1331,0,0,112,310.6,0.0,true,0.0,22,0
1332,0,0,110,310.6,0.0,true,0.0,22,0
1333,0,0,110,310.4,0.0,true,0.0,22,0
1334,0,0,110,310.4,0.0,true,0.0,22,0
1335,0,0,110,310.4,0.0,true,0.0,22,0
1336,0,0,111,310.6,0.0,true,0.0,22,0
1337,102,69,111,310.6,0.0,true,0.0,22,14
1338,96,78,112,310.6,0.0,true,0.0,22,12
1339,95,78,113,310.6,0.0,true,0.0,22,12
1340,92,78,114,310.6,0.0,true,0.0,22,11
1341,91,78,115,310.6,0.0,true,0.0,22,11
1342,100,78,116,310.6,0.0,true,0.0,22,12
1343,101,78,117,310.6,0.0,true,0.0,22,12
1344,108,80,118,310.6,0.0,true,0.0,22,13
1345,97,81,119,310.4,0.0,true,0.0,22,11
1346,89,82,119,310.4,0.0,true,0.0,22,10
1347,96,80,119,310.4,0.0,true,0.0,22,11
1348,107,81,118,310.4,0.0,true,0.0,22,13
1349,111,81,117,310.4,0.0,true,0.0,22,13
1350,96,83,117,310.4,0.0,true,0.0,22,11
1351,105,83,117,310.4,0.0,true,0.0,22,12
1352,110,83,117,310.6,0.0,true,0.0,22,13
1353,110,84,117,310.6,0.0,true,0.0,22,13
1354,104,86,117,310.6,0.0,true,0.0,22,12
1355,99,85,118,310.6,0.0,true,0.0,22,11
1356,117,84,119,310.6,0.0,true,0.0,22,13
1357,120,85,119,310.4,0.0,true,0.0,22,13
1358,111,86,120,310.4,0.0,true,0.0,22,12
1359,113,87,121,310.4,0.0,true,0.0,22,12
1360,105,87,122,310.4,0.0,true,0.0,22,12
1361,110,86,123,310.4,0.0,true,0.0,22,12
1362,96,86,123,310.4,0.0,true,0.0,22,11
1363,108,85,123,310.4,0.0,true,0.0,22,12
1364,108,86,123,310.4,0.0,true,0.0,22,12
1365,106,85,123,310.4,0.0,true,0.0,22,12
1366,111,85,123,310.4,0.0,true,0.0,22,12
1367,111,85,123,310.4,0.0,true,0.0,22,12
1368,27,51,122,310.4,0.0,true,0.0,22,5
1369,107,68,122,310.4,0.0,true,0.0,22,15
1370,100,81,122,310.4,0.0,true,0.0,22,12
1371,106,82,122,310.4,0.0,true,0.0,22,12
1372,108,83,122,310.4,0.0,true,0.0,22,12
1373,93,83,121,310.2,0.0,true,0.0,22,11
1374,103,83,122,310.2,0.0,true,0.0,22,12
1375,111,84,122,310.2,0.0,true,0.0,22,13
1376,111,84,122,310.6,0.0,true,0.0,22,13
1377,106,84,122,310.4,0.0,true,0.0,22,12
1378,104,85,122,310.4,0.0,true,0.0,22,12
1379,103,84,122,310.4,0.0,true,0.0,22,12
1380,107,85,122,310.8,0.0,true,0.0,22,12
1381,106,85,122,311.0,0.0,true,0.0,22,12
1382,103,84,121,311.0,0.0,true,0.0,22,12
1383,99,84,121,311.0,0.0,true,0.0,22,11
1384,104,82,120,310.6,0.0,true,0.0,22,12
1385,92,82,120,310.6,0.0,true,0.0,22,11
1386,92,82,120,310.6,0.0,true,0.0,22,11
1387,92,82,120,310.6,0.0,true,0.0,22,11
1388,0,0,120,310.8,0.0,true,0.0,22,0
1389,0,0,120,310.6,0.0,true,0.0,22,0
1390,0,0,120,310.6,0.0,true,0.0,22,0
1391,0,0,119,310.6,0.0,true,0.0,22,0
1392,0,0,118,310.6,0.0,true,0.0,22,0
1393,0,0,117,310.6,0.0,true,0.0,22,0
1394,114,80,117,310.6,0.0,true,0.0,22,14
1395,112,80,116,310.6,0.0,true,0.0,22,13
1396,103,81,116,310.6,0.0,true,0.0,22,12
1397,108,82,115,310.6,0.0,true,0.0,22,13
1398,105,84,115,310.6,0.0,true,0.0,22,12
1399,112,85,116,310.6,0.0,true,0.0,22,13
1400,110,85,118,310.6,0.0,true,0.0,22,12
1401,105,85,120,310.6,0.0,true,0.0,22,12
1402,104,85,121,310.6,0.0,true,0.0,22,12
1403,105,84,121,310.6,0.0,true,0.0,22,12
1404,99,84,121,310.6,0.0,true,0.0,22,11
1405,97,84,121,310.8,0.0,true,0.0,22,11
1406,101,83,120,310.8,0.0,true,0.0,22,12
1407,98,83,119,310.8,0.0,true,0.0,22,11
1408,93,82,119,310.8,0.0,true,0.0,22,11
1409,106,82,119,310.8,0.0,true,0.0,22,12
1410,107,83,118,310.8,0.0,true,0.0,22,12
1411,104,83,119,310.8,0.0,true,0.0,22,12
1412,100,83,119,310.8,0.0,true,0.0,22,12
1413,101,82,120,310.6,0.0,true,0.0,22,12
1414,105,83,120,310.6,0.0,true,0.0,22,12
1415,108,83,120,310.6,0.0,true,0.0,22,12
1416,99,83,120,311.0,0.0,true,0.0,22,11
1417,101,83,119,310.4,0.0,true,0.0,22,12
1418,99,82,120,310.4,0.0,true,0.0,22,12
1419,103,81,120,310.4,0.0,true,0.0,22,12
1420,97,82,120,310.4,0.0,true,0.0,22,11
1421,96,82,120,310.4,0.0,true,0.0,22,11
1422,107,82,120,310.4,0.0,true,0.0,22,12
1423,101,83,120,310.4,0.0,true,0.0,22,12
1424,109,82,120,310.4,0.0,true,0.0,22,13
1425,107,83,120,310.6,0.0,true,0.0,22,12
1426,99,83,120,310.6,0.0,true,0.0,22,11
1427,101,82,121,310.6,0.0,true,0.0,22,12
1428,111,82,122,310.6,0.0,true,0.0,22,13
1429,104,83,121,310.6,0.0,true,0.0,22,12
1430,104,83,122,310.6,0.0,true,0.0,22,12
1431,92,83,121,310.6,0.0,true,0.0,22,11
1432,95,82,122,310.6,0.0,true,0.0,22,11
1433,104,82,122,311.2,0.0,true,0.0,22,12
1434,111,81,122,311.2,0.0,true,0.0,22,13
1435,99,82,122,311.2,0.0,true,0.0,22,12
1436,94,82,122,311.2,0.0,true,0.0,22,11
1437,92,80,122,311.0,0.0,true,0.0,22,11
1438,100,80,121,311.0,0.0,true,0.0,22,12
1439,96,80,121,311.0,0.0,true,0.0,22,11
1440,104,80,121,311.2,0.0,true,0.0,22,12
1441,99,81,121,311.0,0.0,true,0.0,22,12
1442,96,81,121,311.0,0.0,true,0.0,22,11
1443,105,82,121,311.0,0.0,true,0.0,22,12
1444,96,82,122,310.8,0.0,true,0.0,22,11
1445,106,81,123,310.8,0.0,true,0.0,22,12
1446,98,82,123,310.8,0.0,true,0.0,22,11
1447,104,81,123,310.8,0.0,true,0.0,22,12
1448,104,82,123,310.8,0.0,true,0.0,22,12
1449,91,80,123,311.0,0.0,true,0.0,22,11
1450,104,80,122,311.0,0.0,true,0.0,22,12
1451,99,80,122,311.0,0.0,true,0.0,22,12
1452,100,81,121,311.0,0.0,true,0.0,22,12
1453,97,81,121,311.2,0.0,true,0.0,22,11
1454,100,81,121,311.2,0.0,true,0.0,22,12
1455,97,81,121,311.2,0.0,true,0.0,22,11
1456,99,81,121,311.0,0.0,true,0.0,22,12
1457,104,81,123,311.0,0.0,true,0.0,22,12
1458,104,81,125,311.0,0.0,true,0.0,22,12
1459,101,82,126,311.0,0.0,true,0.0,22,12
1460,101,81,127,311.0,0.0,true,0.0,22,12
1461,107,82,126,311.0,0.0,true,0.0,22,12
1462,101,83,127,311.0,0.0,true,0.0,22,12
1463,99,83,125,311.0,0.0,true,0.0,22,11
1464,102,82,124,311.0,0.0,true,0.0,22,12
1465,100,81,124,311.0,0.0,true,0.0,22,12
1466,101,82,122,311.0,0.0,true,0.0,22,12
1467,94,81,122,311.0,0.0,true,0.0,22,11
1468,101,81,122,311.0,0.0,true,0.0,22,12
1469,100,82,122,311.0,0.0,true,0.0,22,12
1470,101,81,122,311.0,0.0,true,0.0,22,12
1471,97,82,122,311.0,0.0,true,0.0,22,11
1472,104,82,122,311.2,0.0,true,0.0,22,12
1473,91,81,122,311.0,0.0,true,0.0,22,11
1474,100,80,122,311.0,0.0,true,0.0,22,12
1475,97,81,122,311.0,0.0,true,0.0,22,11
1476,102,81,120,311.2,0.0,true,0.0,22,12
1477,97,81,119,311.0,0.0,true,0.0,22,11
1478,89,80,119,311.0,0.0,true,0.0,22,11
1479,97,80,119,311.0,0.0,true,0.0,22,12
1480,98,80,119,311.0,0.0,true,0.0,22,12
1481,95,80,119,311.0,0.0,true,0.0,22,11
1482,96,80,119,311.0,0.0,true,0.0,22,11
1483,97,80,119,311.0,0.0,true,0.0,22,12
1484,106,80,120,311.0,0.0,true,0.0,22,13
1485,105,80,120,311.2,0.0,true,0.0,22,13
1486,106,81,120,311.2,0.0,true,0.0,22,12
1487,101,82,119,311.2,0.0,true,0.0,22,12
1488,101,82,120,311.2,0.0,true,0.0,22,12
1489,97,82,120,311.2,0.0,true,0.0,22,11
1490,93,81,120,311.2,0.0,true,0.0,22,11
1491,103,80,120,311.2,0.0,true,0.0,22,12
1492,92,80,121,311.2,0.0,true,0.0,22,11
1493,85,79,121,311.2,0.0,true,0.0,22,10
1494,96,79,122,311.2,0.0,true,0.0,22,12
1495,102,79,121,311.2,0.0,true,0.0,22,12
1496,98,79,121,310.8,0.0,true,0.0,22,12
1497,95,80,121,310.4,0.0,true,0.0,22,11
1498,108,80,120,310.4,0.0,true,0.0,22,13
1499,108,81,121,310.4,0.0,true,0.0,22,13
1500,101,82,120,310.4,0.0,true,0.0,22,12
1501,93,82,121,310.6,0.0,true,0.0,22,11
1502,96,82,121,310.6,0.0,true,0.0,22,11
1503,96,81,122,310.6,0.0,true,0.0,22,11
1504,102,82,122,310.8,0.0,true,0.0,22,12
1505,98,82,122,310.8,0.0,true,0.0,22,11
1506,96,82,122,310.8,0.0,true,0.0,22,11
1507,97,81,122,310.8,0.0,true,0.0,22,11
1508,109,82,122,310.8,0.0,true,0.0,22,13
1509,105,83,122,310.8,0.0,true,0.0,22,12
1510,94,83,123,310.8,0.0,true,0.0,22,11
1511,102,82,124,310.8,0.0,true,0.0,22,12
1512,100,82,124,310.8,0.0,true,0.0,22,12
1513,245,112,124,310.8,0.0,true,0.0,22,21
1514,116,112,124,310.8,0.0,true,0.0,22,10
1515,149,104,124,310.8,0.0,true,0.0,22,14
1516,146,66,124,310.8,0.0,true,0.0,22,21
1517,146,56,124,310.8,0.0,true,0.0,22,25
1518,258,66,126,310.8,0.0,true,0.0,22,37
1519,342,75,127,310.8,0.0,true,0.0,22,44
1520,257,81,127,310.8,0.0,true,0.0,22,30
1521,374,81,128,311.0,0.0,true,0.0,22,44
1522,415,92,129,311.0,0.0,true,0.0,22,43
1523,255,82,130,311.0,0.0,true,0.0,22,30
1524,411,79,131,311.0,0.0,true,0.0,22,50
1525,450,86,131,310.8,0.0,true,0.0,22,50
1526,369,85,133,310.8,0.0,true,0.0,22,41
1527,432,84,135,310.8,0.0,true,0.0,22,49
1528,456,86,135,310.8,0.0,true,0.0,22,51
1529,395,87,136,310.8,0.0,true,0.0,22,43
1530,459,89,138,310.8,0.0,true,0.0,22,49
1531,441,88,139,310.8,0.0,true,0.0,22,48
1532,427,88,139,310.8,0.0,true,0.0,22,46
1533,484,94,141,310.8,0.0,true,0.0,22,49
1534,441,92,143,310.8,0.0,true,0.0,22,46
1535,456,92,143,310.8,0.0,true,0.0,22,47
1536,433,93,144,310.8,0.0,true,0.0,22,44
1537,406,93,145,310.8,0.0,true,0.0,22,42
1538,391,91,146,310.8,0.0,true,0.0,22,41
1539,457,92,147,310.8,0.0,true,0.0,22,47
1540,444,92,147,310.8,0.0,true,0.0,22,46
1541,450,92,148,310.8,0.0,true,0.0,22,47
1542,430,92,148,310.8,0.0,true,0.0,22,45
1543,438,93,149,310.8,0.0,true,0.0,22,45
1544,440,92,150,310.8,0.0,true,0.0,22,46
1545,487,94,152,310.6,0.0,true,0.0,22,49
1546,417,93,152,310.6,0.0,true,0.0,22,43
1547,397,92,153,310.6,0.0,true,0.0,22,41
1548,407,91,153,311.0,0.0,true,0.0,22,43
1549,451,92,153,311.0,0.0,true,0.0,22,47
1550,411,91,154,311.0,0.0,true,0.0,22,43
1551,463,92,157,311.0,0.0,true,0.0,22,48
1552,413,93,157,311.0,0.0,true,0.0,22,42
1553,432,93,158,311.0,0.0,true,0.0,22,44
1554,409,92,157,311.0,0.0,true,0.0,22,42
1555,394,91,159,311.0,0.0,true,0.0,22,41
1556,369,90,160,311.0,0.0,true,0.0,22,39
1557,374,88,162,310.8,0.0,true,0.0,22,41
1558,392,88,161,310.8,0.0,true,0.0,22,43
1559,373,88,161,310.8,0.0,true,0.0,22,40
1560,340,86,162,310.8,0.0,true,0.0,22,38
1561,349,86,162,310.8,0.0,true,0.0,22,39
1562,335,84,162,310.8,0.0,true,0.0,22,38
1563,336,83,166,310.8,0.0,true,0.0,22,39
1564,321,82,166,310.6,0.0,true,0.0,22,37
1565,341,80,166,310.8,0.0,true,0.0,22,41
1566,299,79,167,310.8,0.0,true,0.0,22,36
1567,312,78,167,310.8,0.0,true,0.0,22,38
1568,309,79,166,310.8,0.0,true,0.0,22,37
1569,290,77,166,310.4,0.0,true,0.0,22,36
1570,290,77,166,310.4,0.0,true,0.0,22,36
1571,271,76,167,310.4,0.0,true,0.0,22,34
1572,272,73,167,310.4,0.0,true,0.0,22,36
1573,269,72,168,310.2,0.0,true,0.0,22,36
1574,279,72,169,310.2,0.0,true,0.0,22,37
1575,278,72,168,310.2,0.0,true,0.0,22,37
1576,259,72,169,310.6,0.0,true,0.0,22,34
1577,242,71,169,310.4,0.0,true,0.0,22,33
1578,234,69,169,310.4,0.0,true,0.0,22,32
1579,231,68,171,310.4,0.0,true,0.0,22,32
1580,240,67,170,310.4,0.0,true,0.0,22,34
1581,243,67,171,310.6,0.0,true,0.0,22,35
1582,239,66,171,310.6,0.0,true,0.0,22,35
1583,240,66,171,310.6,0.0,true,0.0,22,35
1584,240,66,170,310.6,0.0,true,0.0,22,35
1585,250,66,170,310.4,0.0,true,0.0,22,36
1586,227,65,170,310.4,0.0,true,0.0,22,33
1587,237,65,170,310.4,0.0,true,0.0,22,35
1588,234,65,170,310.6,0.0,true,0.0,22,34
1589,258,65,171,310.6,0.0,true,0.0,22,38
1590,231,65,171,310.6,0.0,true,0.0,22,34
1591,232,66,171,310.6,0.0,true,0.0,22,34
1592,229,65,171,310.6,0.0,true,0.0,22,34
1593,220,65,171,310.8,0.0,true,0.0,22,32
1594,220,65,171,310.8,0.0,true,0.0,22,32
1595,229,65,171,310.8,0.0,true,0.0,22,34
1596,231,65,171,310.8,0.0,true,0.0,22,34
1597,207,64,171,310.8,0.0,true,0.0,22,31
1598,207,64,172,310.8,0.0,true,0.0,22,31
1599,240,64,172,310.8,0.0,true,0.0,22,36
1600,203,63,173,310.8,0.0,true,0.0,22,31
1601,216,62,173,310.4,0.0,true,0.0,22,33
1602,215,62,173,310.4,0.0,true,0.0,22,33
1603,221,62,173,310.4,0.0,true,0.0,22,34
1604,193,61,174,310.6,0.0,true,0.0,22,30
1605,194,61,174,310.2,0.0,true,0.0,22,30
1606,200,60,175,310.2,0.0,true,0.0,22,32
1607,207,59,175,310.2,0.0,true,0.0,22,34
1608,207,59,175,310.2,0.0,true,0.0,22,34
1609,216,60,175,310.2,0.0,true,0.0,22,34
1610,227,61,175,310.2,0.0,true,0.0,22,36
1611,209,61,176,310.2,0.0,true,0.0,22,33
1612,225,61,175,310.4,0.0,true,0.0,22,35
1613,209,61,175,310.4,0.0,true,0.0,22,33
1614,213,61,176,310.4,0.0,true,0.0,22,33
1615,208,61,176,310.4,0.0,true,0.0,22,33
1616,213,61,176,310.4,0.0,true,0.0,22,33
1617,194,61,176,310.8,0.0,true,0.0,22,30
1618,229,61,175,310.8,0.0,true,0.0,22,36
1619,143,61,175,310.8,0.0,true,0.0,22,22
1620,221,67,176,310.4,0.0,true,0.0,22,31
1621,212,67,176,310.6,0.0,true,0.0,22,30
1622,201,68,176,310.6,0.0,true,0.0,22,28
1623,202,68,176,310.6,0.0,true,0.0,22,28
1624,219,69,176,310.2,0.0,true,0.0,22,30
1625,210,69,175,310.4,0.0,true,0.0,22,29
1626,218,69,175,310.4,0.0,true,0.0,22,30
1627,208,70,175,310.4,0.0,true,0.0,22,28
1628,208,70,175,310.4,0.0,true,0.0,22,28
1629,203,69,174,310.4,0.0,true,0.0,22,28
1630,198,69,174,310.4,0.0,true,0.0,22,27
1631,215,69,174,310.4,0.0,true,0.0,22,30
1632,213,69,173,310.2,0.0,true,0.0,22,29
1633,215,69,173,310.4,0.0,true,0.0,22,30
1634,221,70,173,310.4,0.0,true,0.0,22,30
1635,223,71,171,310.4,0.0,true,0.0,22,30
1636,216,71,173,310.4,0.0,true,0.0,22,29
1637,236,71,172,310.4,0.0,true,0.0,22,32
1638,197,71,172,310.4,0.0,true,0.0,22,26
1639,216,71,172,310.4,0.0,true,0.0,22,29
1640,217,71,172,310.4,0.0,true,0.0,22,29
1641,217,70,172,310.4,0.0,true,0.0,22,30
1642,228,71,173,310.4,0.0,true,0.0,22,31
1643,226,72,172,310.4,0.0,true,0.0,22,30
1644,222,72,173,310.4,0.0,true,0.0,22,29
1645,222,72,172,310.4,0.0,true,0.0,22,29
1646,227,72,173,310.4,0.0,true,0.0,22,30
1647,208,71,173,310.4,0.0,true,0.0,22,28
1648,240,70,173,310.4,0.0,true,0.0,22,33
1649,240,70,174,310.0,0.0,true,0.0,22,33
1650,205,72,174,310.0,0.0,true,0.0,22,27
1651,212,71,174,310.0,0.0,true,0.0,22,29
1652,220,71,174,310.4,0.0,true,0.0,22,30
1653,217,71,174,310.0,0.0,true,0.0,22,29
1654,206,71,172,310.0,0.0,true,0.0,22,28
1655,211,71,171,310.0,0.0,true,0.0,22,28
1656,209,71,173,310.0,0.0,true,0.0,22,28
1657,238,71,172,310.2,0.0,true,0.0,22,32
1658,238,72,174,310.2,0.0,true,0.0,22,32
1659,213,72,173,310.2,0.0,true,0.0,22,28
1660,260,72,173,310.2,0.0,true,0.0,22,34
1661,207,74,174,310.0,0.0,true,0.0,22,27
1662,232,73,173,310.0,0.0,true,0.0,22,30
1663,261,74,172,310.0,0.0,true,0.0,22,34
1664,284,75,174,310.0,0.0,true,0.0,22,36
1665,302,76,172,310.2,0.0,true,0.0,22,38
1666,292,80,172,310.2,0.0,true,0.0,22,35
1667,259,80,174,310.2,0.0,true,0.0,22,31
1668,263,81,174,310.2,0.0,true,0.0,22,31
1669,259,80,174,310.0,0.0,true,0.0,22,31
1670,259,80,173,310.0,0.0,true,0.0,22,31
1671,273,80,174,310.0,0.0,true,0.0,22,33
1672,255,80,175,310.0,0.0,true,0.0,22,30
1673,255,80,172,310.0,0.0,true,0.0,22,30
1674,246,80,173,310.0,0.0,true,0.0,22,29
1675,253,79,174,310.0,0.0,true,0.0,22,31
1676,237,79,173,310.0,0.0,true,0.0,22,29
1677,260,78,174,309.8,0.0,true,0.0,22,32
1678,252,78,174,309.8,0.0,true,0.0,22,31
1679,244,78,175,309.8,0.0,true,0.0,22,30
1680,262,78,175,309.8,0.0,true,0.0,22,32
1681,264,78,175,309.8,0.0,true,0.0,22,32
1682,256,78,175,309.8,0.0,true,0.0,22,31
1683,265,79,175,309.8,0.0,true,0.0,22,32
1684,257,79,176,309.8,0.0,true,0.0,22,31
1685,271,79,176,309.8,0.0,true,0.0,22,33
1686,231,80,176,309.8,0.0,true,0.0,22,28
1687,254,79,176,309.8,0.0,true,0.0,22,31
1688,268,79,176,309.8,0.0,true,0.0,22,32
1689,258,79,175,310.0,0.0,true,0.0,22,31
1690,259,79,175,310.0,0.0,true,0.0,22,31
1691,260,79,175,310.0,0.0,true,0.0,22,31
1692,251,80,175,310.0,0.0,true,0.0,22,30
1693,108,80,175,310.2,0.0,true,0.0,22,13
1694,40,60,176,310.2,0.0,true,0.0,22,6
1695,25,60,176,310.2,0.0,true,0.0,22,4
1696,25,58,176,310.2,0.0,true,0.0,22,4
1697,25,58,176,310.0,0.0,true,0.0,22,4
1698,0,58,175,310.0,0.0,true,0.0,22,0
1699,0,0,175,310.0,0.0,true,0.0,22,0
1700,0,0,175,309.6,0.0,true,0.0,22,0
1701,0,0,175,309.8,0.0,true,0.0,22,0
1702,0,0,175,309.8,0.0,true,0.0,22,0
1703,0,0,175,309.8,0.0,true,0.0,22,0
1704,0,0,176,309.6,0.0,true,0.0,22,0
1705,0,0,174,309.8,0.0,true,0.0,22,0
1706,0,0,173,309.8,0.0,true,0.0,22,0
1707,0,0,174,309.8,0.0,true,0.0,22,0
1708,43,32,172,309.8,0.0,true,0.0,22,13
1709,24,32,172,310.2,0.0,true,0.0,22,7
1710,24,32,171,310.2,0.0,true,0.0,22,7
1711,42,43,171,310.2,0.0,true,0.0,22,9
1712,45,52,171,310.2,0.0,true,0.0,22,8
1713,43,52,171,310.0,0.0,true,0.0,22,8
1714,61,54,170,310.0,0.0,true,0.0,22,11
1715,59,64,170,310.0,0.0,true,0.0,22,9
1716,66,65,170,310.0,0.0,true,0.0,22,10
1717,60,66,171,310.2,0.0,true,0.0,22,9
1718,64,64,170,310.2,0.0,true,0.0,22,10
1719,67,62,168,310.2,0.0,true,0.0,22,10
1720,54,64,167,310.2,0.0,true,0.0,22,8
1721,58,63,167,310.2,0.0,true,0.0,22,9
1722,46,65,166,310.2,0.0,true,0.0,22,7
1723,64,54,166,310.2,0.0,true,0.0,22,11
1724,92,64,166,310.2,0.0,true,0.0,22,14
1725,73,65,166,310.2,0.0,true,0.0,22,11
1726,71,65,166,310.2,0.0,true,0.0,22,10
1727,71,65,165,310.2,0.0,true,0.0,22,10
1728,75,65,165,310.0,0.0,true,0.0,22,11
1729,73,65,165,310.0,0.0,true,0.0,22,11
1730,75,65,164,310.0,0.0,true,0.0,22,11
1731,76,65,163,310.0,0.0,true,0.0,22,11
1732,76,66,163,310.0,0.0,true,0.0,22,11
1733,79,66,163,309.8,0.0,true,0.0,22,11
1734,84,67,162,309.8,0.0,true,0.0,22,12
1735,80,67,162,309.8,0.0,true,0.0,22,11
1736,82,68,162,309.8,0.0,true,0.0,22,12
1737,76,68,162,310.0,0.0,true,0.0,22,11
1738,82,68,162,310.0,0.0,true,0.0,22,12
1739,88,69,161,310.0,0.0,true,0.0,22,12
1740,88,69,161,310.0,0.0,true,0.0,22,12
1741,85,70,161,310.0,0.0,true,0.0,22,12
1742,83,70,161,310.0,0.0,true,0.0,22,11
1743,84,70,160,310.0,0.0,true,0.0,22,11
1744,84,70,159,309.8,0.0,true,0.0,22,11
1745,81,70,158,309.6,0.0,true,0.0,22,11
1746,88,70,157,309.6,0.0,true,0.0,22,12
1747,84,70,157,309.6,0.0,true,0.0,22,11
1748,84,70,157,309.8,0.0,true,0.0,22,11
1749,91,70,157,309.8,0.0,true,0.0,22,12
1750,89,71,157,309.8,0.0,true,0.0,22,12
1751,84,71,157,309.8,0.0,true,0.0,22,11
1752,85,71,157,309.8,0.0,true,0.0,22,11
1753,83,71,157,309.8,0.0,true,0.0,22,11
1754,83,71,157,309.8,0.0,true,0.0,22,11
1755,88,71,157,309.8,0.0,true,0.0,22,12
1756,81,71,157,309.8,0.0,true,0.0,22,11
1757,82,70,156,309.8,0.0,true,0.0,22,11
1758,94,71,155,309.8,0.0,true,0.0,22,13
1759,85,71,155,309.8,0.0,true,0.0,22,11
1760,89,72,155,309.8,0.0,true,0.0,22,12
1761,86,72,153,310.0,0.0,true,0.0,22,11
1762,83,71,154,310.0,0.0,true,0.0,22,11
1763,86,71,154,310.0,0.0,true,0.0,22,12
1764,86,71,153,310.0,0.0,true,0.0,22,12
1765,89,71,153,310.0,0.0,true,0.0,22,12
1766,94,72,153,310.0,0.0,true,0.0,22,12
1767,92,72,153,310.0,0.0,true,0.0,22,12
1768,85,72,153,310.0,0.0,true,0.0,22,11
1769,88,72,153,309.8,0.0,true,0.0,22,12
1770,91,72,153,309.8,0.0,true,0.0,22,12
1771,93,72,153,309.8,0.0,true,0.0,22,12
1772,96,73,153,309.8,0.0,true,0.0,22,13
1773,83,73,152,309.8,0.0,true,0.0,22,11
1774,88,72,151,309.8,0.0,true,0.0,22,12
1775,92,73,151,309.8,0.0,true,0.0,22,12
1776,95,73,150,309.8,0.0,true,0.0,22,12
1777,92,74,151,309.8,0.0,true,0.0,22,12
1778,89,73,150,309.8,0.0,true,0.0,22,12
1779,91,73,150,309.8,0.0,true,0.0,22,12
1780,96,73,150,309.8,0.0,true,0.0,22,13
1781,88,73,150,310.0,0.0,true,0.0,22,12
1782,96,73,150,310.0,0.0,true,0.0,22,13
1783,98,73,150,310.0,0.0,true,0.0,22,13
1784,94,74,150,309.8,0.0,true,0.0,22,12
1785,99,75,150,309.8,0.0,true,0.0,22,13
1786,94,75,150,309.8,0.0,true,0.0,22,12
1787,105,76,150,309.8,0.0,true,0.0,22,13
1788,95,76,150,309.8,0.0,true,0.0,22,12
1789,84,75,150,309.6,0.0,true,0.0,22,11
1790,80,74,149,309.6,0.0,true,0.0,22,10
1791,79,72,149,309.6,0.0,true,0.0,22,10
1792,70,69,148,309.6,0.0,true,0.0,22,10
1793,70,69,148,310.0,0.0,true,0.0,22,10
1794,70,65,148,310.0,0.0,true,0.0,22,10
1795,70,65,148,310.0,0.0,true,0.0,22,10
1796,70,64,149,310.0,0.0,true,0.0,22,10
1797,62,61,150,309.8,0.0,true,0.0,22,10
1798,62,61,150,309.8,0.0,true,0.0,22,10
1799,62,60,150,309.8,0.0,true,0.0,22,10
1800,65,60,150,309.8,0.0,true,0.0,22,10
1801,65,60,150,309.8,0.0,true,0.0,22,10
1802,78,62,149,309.8,0.0,true,0.0,22,12
1803,78,62,148,309.8,0.0,true,0.0,22,12
1804,0,0,147,309.8,0.0,true,0.0,22,0
1805,16,23,146,310.2,0.0,true,0.0,22,7
1806,82,57,145,310.2,0.0,true,0.0,22,14
1807,82,57,145,310.2,0.0,true,0.0,22,14
1808,85,66,146,309.4,0.0,true,0.0,22,12
1809,87,67,145,309.4,0.0,true,0.0,22,12
1810,89,67,144,309.4,0.0,true,0.0,22,13
1811,89,67,145,309.4,0.0,true,0.0,22,13
1812,80,69,144,309.8,0.0,true,0.0,22,11
1813,88,69,143,309.6,0.0,true,0.0,22,12
1814,89,69,143,309.6,0.0,true,0.0,22,12
1815,89,70,143,309.6,0.0,true,0.0,22,12
1816,83,70,143,309.6,0.0,true,0.0,22,11
1817,84,69,143,309.6,0.0,true,0.0,22,12
1818,79,69,143,309.6,0.0,true,0.0,22,11
1819,86,69,143,309.6,0.0,true,0.0,22,12
1820,89,69,143,309.6,0.0,true,0.0,22,12
1821,81,69,143,309.6,0.0,true,0.0,22,11
1822,85,69,143,309.6,0.0,true,0.0,22,12
1823,77,68,143,309.6,0.0,true,0.0,22,11
1824,64,68,142,309.4,0.0,true,0.0,22,9
1825,64,66,141,309.6,0.0,true,0.0,22,9
1826,74,65,140,309.6,0.0,true,0.0,22,11
1827,80,65,140,309.6,0.0,true,0.0,22,12
1828,81,65,139,309.6,0.0,true,0.0,22,12
1829,78,66,139,309.2,0.0,true,0.0,22,11
1830,75,66,139,309.2,0.0,true,0.0,22,11
1831,76,66,139,309.2,0.0,true,0.0,22,11
1832,72,65,139,309.6,0.0,true,0.0,22,11
1833,75,65,139,309.6,0.0,true,0.0,22,11
1834,75,65,139,309.6,0.0,true,0.0,22,11
1835,75,65,139,309.6,0.0,true,0.0,22,11
1836,73,65,139,309.6,0.0,true,0.0,22,11
1837,76,65,139,309.6,0.0,true,0.0,22,11
1838,78,65,139,309.6,0.0,true,0.0,22,11
1839,78,65,139,309.6,0.0,true,0.0,22,11
1840,81,65,139,309.6,0.0,true,0.0,22,12
1841,75,66,140,309.8,0.0,true,0.0,22,11
1842,73,65,139,309.8,0.0,true,0.0,22,11
1843,74,65,139,309.8,0.0,true,0.0,22,11
1844,81,65,139,309.8,0.0,true,0.0,22,12
1845,81,65,139,309.4,0.0,true,0.0,22,12
1846,77,65,139,309.4,0.0,true,0.0,22,11
1847,79,66,139,309.4,0.0,true,0.0,22,11
1848,79,66,138,309.6,0.0,true,0.0,22,11
1849,79,66,138,310.0,0.0,true,0.0,22,11
1850,86,66,138,310.0,0.0,true,0.0,22,12
1851,80,67,138,310.0,0.0,true,0.0,22,11
1852,75,67,137,309.8,0.0,true,0.0,22,11
1853,73,66,136,309.6,0.0,true,0.0,22,11
1854,78,65,137,309.6,0.0,true,0.0,22,11
1855,80,65,137,309.6,0.0,true,0.0,22,12
1856,80,66,136,309.6,0.0,true,0.0,22,12
1857,81,66,136,309.6,0.0,true,0.0,22,12
1858,76,66,136,309.6,0.0,true,0.0,22,11
1859,86,66,136,309.6,0.0,true,0.0,22,12
1860,80,66,136,309.6,0.0,true,0.0,22,12
1861,80,66,135,309.6,0.0,true,0.0,22,12
1862,81,67,135,309.6,0.0,true,0.0,22,12
1863,81,67,135,309.6,0.0,true,0.0,22,12
1864,81,66,135,309.8,0.0,true,0.0,22,12
1865,61,66,135,310.0,0.0,true,0.0,22,9
1866,92,66,135,310.0,0.0,true,0.0,22,13
1867,92,65,135,310.0,0.0,true,0.0,22,14
1868,80,66,135,309.6,0.0,true,0.0,22,12
1869,87,67,135,309.6,0.0,true,0.0,22,12
1870,75,67,135,309.6,0.0,true,0.0,22,11
1871,94,67,135,309.6,0.0,true,0.0,22,13
1872,83,67,135,309.6,0.0,true,0.0,22,12
1873,82,68,135,309.8,0.0,true,0.0,22,12
1874,84,68,135,309.8,0.0,true,0.0,22,12
1875,85,68,135,309.8,0.0,true,0.0,22,12
1876,85,68,134,309.8,0.0,true,0.0,22,12
1877,82,68,134,309.6,0.0,true,0.0,22,12
1878,83,68,134,309.6,0.0,true,0.0,22,12
1879,90,68,134,309.6,0.0,true,0.0,22,13
1880,86,69,134,309.6,0.0,true,0.0,22,12
1881,81,68,133,309.8,0.0,true,0.0,22,11
1882,85,68,133,309.8,0.0,true,0.0,22,12
1883,87,69,133,309.8,0.0,true,0.0,22,12
1884,82,69,133,309.8,0.0,true,0.0,22,11
1885,85,69,133,309.8,0.0,true,0.0,22,12
1886,90,68,133,309.8,0.0,true,0.0,22,13
1887,87,69,133,309.8,0.0,true,0.0,22,12
1888,85,69,133,309.8,0.0,true,0.0,22,12
1889,87,69,133,309.8,0.0,true,0.0,22,12
1890,84,69,133,309.8,0.0,true,0.0,22,12
1891,85,69,133,309.8,0.0,true,0.0,22,12
1892,78,68,133,309.8,0.0,true,0.0,22,11
1893,91,68,133,309.8,0.0,true,0.0,22,13
1894,70,67,133,309.8,0.0,true,0.0,22,10
1895,83,67,133,309.8,0.0,true,0.0,22,12
1896,80,67,133,309.8,0.0,true,0.0,22,11
1897,80,67,133,309.8,0.0,true,0.0,22,11
1898,80,66,133,309.8,0.0,true,0.0,22,12
1899,85,66,133,309.8,0.0,true,0.0,22,12
1900,76,66,133,309.8,0.0,true,0.0,22,11
1901,71,65,133,309.6,0.0,true,0.0,22,10
1902,79,65,133,309.6,0.0,true,0.0,22,12
1903,77,65,134,309.6,0.0,true,0.0,22,11
1904,100,66,134,309.8,0.0,true,0.0,22,14
1905,86,67,134,309.8,0.0,true,0.0,22,12
1906,80,67,135,309.8,0.0,true,0.0,22,11
1907,85,68,135,309.8,0.0,true,0.0,22,12
1908,84,67,135,309.8,0.0,true,0.0,22,12
1909,89,67,135,309.6,0.0,true,0.0,22,13
1910,93,69,135,309.6,0.0,true,0.0,22,13
1911,89,69,134,309.6,0.0,true,0.0,22,12
1912,85,69,134,310.0,0.0,true,0.0,22,12
1913,86,69,134,309.6,0.0,true,0.0,22,12
1914,93,69,134,309.6,0.0,true,0.0,22,13
1915,93,69,133,309.6,0.0,true,0.0,22,13
1916,89,70,133,309.6,0.0,true,0.0,22,12
1917,89,70,133,309.8,0.0,true,0.0,22,12
1918,92,70,133,309.8,0.0,true,0.0,22,13
1919,92,70,133,309.8,0.0,true,0.0,22,13
1920,91,70,133,309.8,0.0,true,0.0,22,12
1921,88,71,133,309.8,0.0,true,0.0,22,12
1922,88,70,132,309.8,0.0,true,0.0,22,12
1923,91,70,132,309.8,0.0,true,0.0,22,12
1924,91,71,131,309.8,0.0,true,0.0,22,12
1925,89,71,131,309.6,0.0,true,0.0,22,12
1926,85,70,131,309.6,0.0,true,0.0,22,12
1927,80,69,131,309.6,0.0,true,0.0,22,11
1928,80,69,131,310.0,0.0,true,0.0,22,11
1929,67,67,131,309.8,0.0,true,0.0,22,10
1930,86,66,130,309.8,0.0,true,0.0,22,12
1931,83,66,130,309.8,0.0,true,0.0,22,12
1932,80,66,130,310.2,0.0,true,0.0,22,12
1933,88,67,130,309.8,0.0,true,0.0,22,13
1934,83,67,130,309.8,0.0,true,0.0,22,12
1935,84,67,130,309.8,0.0,true,0.0,22,12
1936,81,67,130,310.2,0.0,true,0.0,22,12
1937,88,67,130,310.0,0.0,true,0.0,22,13
1938,92,68,130,310.0,0.0,true,0.0,22,13
1939,84,68,130,310.0,0.0,true,0.0,22,12
1940,94,69,130,310.0,0.0,true,0.0,22,13
1941,70,69,130,310.0,0.0,true,0.0,22,10
1942,52,67,130,310.0,0.0,true,0.0,22,7
1943,52,67,130,310.0,0.0,true,0.0,22,7
1944,74,66,130,310.0,0.0,true,0.0,22,11
1945,76,67,130,310.2,0.0,true,0.0,22,11
1946,67,68,130,310.2,0.0,true,0.0,22,9
1947,67,68,130,310.2,0.0,true,0.0,22,9
1948,70,68,130,310.2,0.0,true,0.0,22,10
1949,69,68,130,310.2,0.0,true,0.0,22,10
1950,72,68,130,310.2,0.0,true,0.0,22,10
1951,71,69,130,310.2,0.0,true,0.0,22,10
1952,71,69,130,310.2,0.0,true,0.0,22,10
1953,68,69,130,310.0,0.0,true,0.0,22,9
1954,67,68,130,310.0,0.0,true,0.0,22,9
1955,69,68,130,310.0,0.0,true,0.0,22,10
1956,69,68,130,310.0,0.0,true,0.0,22,10
1957,65,68,130,310.0,0.0,true,0.0,22,9
1958,66,67,130,310.0,0.0,true,0.0,22,9
1959,64,67,130,310.0,0.0,true,0.0,22,9
1960,74,67,130,310.0,0.0,true,0.0,22,11
1961,69,68,130,310.0,0.0,true,0.0,22,10
1962,67,68,130,310.0,0.0,true,0.0,22,9
1963,72,68,130,310.0,0.0,true,0.0,22,10
1964,77,68,129,309.8,0.0,true,0.0,22,11
1965,76,69,130,310.2,0.0,true,0.0,22,11
1966,70,70,130,310.2,0.0,true,0.0,22,10
1967,75,70,130,310.2,0.0,true,0.0,22,10
1968,67,70,130,310.0,0.0,true,0.0,22,9
1969,77,70,130,309.8,0.0,true,0.0,22,11
1970,77,71,130,309.8,0.0,true,0.0,22,10
1971,77,71,130,309.8,0.0,true,0.0,22,10
1972,63,70,131,309.8,0.0,true,0.0,22,9
1973,74,69,131,309.8,0.0,true,0.0,22,10
1974,66,69,131,309.8,0.0,true,0.0,22,9
1975,72,69,131,309.8,0.0,true,0.0,22,10
1976,71,69,130,309.8,0.0,true,0.0,22,10
1977,74,69,130,310.0,0.0,true,0.0,22,10
1978,76,69,130,310.0,0.0,true,0.0,22,11
1979,70,69,130,310.0,0.0,true,0.0,22,10
1980,73,69,129,310.0,0.0,true,0.0,22,10
1981,79,69,128,309.8,0.0,true,0.0,22,11
1982,71,70,127,309.8,0.0,true,0.0,22,10
1983,71,70,127,309.8,0.0,true,0.0,22,10
1984,72,70,127,309.8,0.0,true,0.0,22,10
1985,76,70,127,309.8,0.0,true,0.0,22,10
1986,78,70,127,309.8,0.0,true,0.0,22,11
1987,74,70,127,309.8,0.0,true,0.0,22,10
1988,78,70,127,309.8,0.0,true,0.0,22,11
1989,66,70,127,310.2,0.0,true,0.0,22,9
1990,66,70,127,310.2,0.0,true,0.0,22,9
1991,78,69,127,310.2,0.0,true,0.0,22,11
1992,78,69,127,310.0,0.0,true,0.0,22,11
1993,79,70,127,310.2,0.0,true,0.0,22,11
1994,72,70,127,310.2,0.0,true,0.0,22,10
1995,72,70,127,310.2,0.0,true,0.0,22,10
1996,74,70,127,310.2,0.0,true,0.0,22,10
1997,72,70,127,310.2,0.0,true,0.0,22,10
1998,73,70,127,310.2,0.0,true,0.0,22,10
1999,79,70,127,310.2,0.0,true,0.0,22,11
2000,74,70,127,309.8,0.0,true,0.0,22,10
2001,62,70,127,310.0,0.0,true,0.0,22,8
2002,70,69,127,310.0,0.0,true,0.0,22,10
2003,71,69,127,310.0,0.0,true,0.0,22,10
2004,75,68,127,310.0,0.0,true,0.0,22,11
2005,75,69,127,310.0,0.0,true,0.0,22,10
2006,82,70,127,310.0,0.0,true,0.0,22,11
2007,75,70,127,310.0,0.0,true,0.0,22,10
2008,75,70,127,310.0,0.0,true,0.0,22,10
2009,74,70,127,309.6,0.0,true,0.0,22,10
2010,69,70,127,309.6,0.0,true,0.0,22,9
2011,71,69,127,309.6,0.0,true,0.0,22,10
2012,72,69,127,309.8,0.0,true,0.0,22,10
2013,77,69,127,309.6,0.0,true,0.0,22,11
2014,76,69,127,309.6,0.0,true,0.0,22,11
2015,68,69,127,309.6,0.0,true,0.0,22,9
2016,78,69,127,309.8,0.0,true,0.0,22,11
2017,74,69,127,309.6,0.0,true,0.0,22,10
2018,72,70,127,309.6,0.0,true,0.0,22,10
2019,72,69,127,309.6,0.0,true,0.0,22,10
2020,73,69,127,309.6,0.0,true,0.0,22,10
2021,82,69,127,309.6,0.0,true,0.0,22,11
2022,68,69,127,309.6,0.0,true,0.0,22,9
2023,73,69,127,309.6,0.0,true,0.0,22,10
2024,72,69,127,309.8,0.0,true,0.0,22,10
2025,74,68,127,309.6,0.0,true,0.0,22,10
2026,77,69,126,309.6,0.0,true,0.0,22,11
2027,75,70,125,309.6,0.0,true,0.0,22,10
2028,74,70,125,309.6,0.0,true,0.0,22,10
2029,81,70,125,309.6,0.0,true,0.0,22,11
2030,79,71,125,309.6,0.0,true,0.0,22,11
2031,72,71,125,309.6,0.0,true,0.0,22,10
2032,72,70,126,309.6,0.0,true,0.0,22,10
2033,74,70,126,309.4,0.0,true,0.0,22,10
2034,74,69,127,309.4,0.0,true,0.0,22,10
2035,70,69,127,309.4,0.0,true,0.0,22,10
2036,79,69,127,310.0,0.0,true,0.0,22,11
2037,79,69,127,309.6,0.0,true,0.0,22,11
2038,70,69,127,309.6,0.0,true,0.0,22,10
2039,78,69,126,309.6,0.0,true,0.0,22,11
2040,75,69,126,309.6,0.0,true,0.0,22,10
2041,74,69,126,309.8,0.0,true,0.0,22,10
2042,73,69,126,309.8,0.0,true,0.0,22,10
2043,75,69,126,309.8,0.0,true,0.0,22,10
2044,75,69,126,309.8,0.0,true,0.0,22,10
2045,79,69,126,310.2,0.0,true,0.0,22,11
2046,79,70,126,310.2,0.0,true,0.0,22,11
2047,72,70,127,310.2,0.0,true,0.0,22,10
2048,73,70,126,310.2,0.0,true,0.0,22,10
2049,65,69,126,310.0,0.0,true,0.0,22,9
2050,81,69,126,310.0,0.0,true,0.0,22,11
2051,79,70,126,310.0,0.0,true,0.0,22,11
2052,71,70,126,310.0,0.0,true,0.0,22,10
2053,74,70,126,310.0,0.0,true,0.0,22,10
2054,80,70,126,310.0,0.0,true,0.0,22,11
2055,75,70,126,310.0,0.0,true,0.0,22,10
2056,66,70,125,310.0,0.0,true,0.0,22,9
2057,67,69,125,309.8,0.0,true,0.0,22,9
2058,73,68,125,309.8,0.0,true,0.0,22,10
2059,75,66,125,309.8,0.0,true,0.0,22,11
2060,69,67,125,309.8,0.0,true,0.0,22,10
2061,70,67,125,310.0,0.0,true,0.0,22,10
2062,75,67,125,310.0,0.0,true,0.0,22,11
2063,69,67,125,310.0,0.0,true,0.0,22,10
2064,73,68,125,309.6,0.0,true,0.0,22,10
2065,75,67,125,309.8,0.0,true,0.0,22,11
2066,72,68,125,309.8,0.0,true,0.0,22,10
2067,72,68,125,309.8,0.0,true,0.0,22,10
2068,79,68,125,309.8,0.0,true,0.0,22,11
2069,72,69,125,309.6,0.0,true,0.0,22,10
2070,75,69,125,309.6,0.0,true,0.0,22,10
2071,74,69,125,309.6,0.0,true,0.0,22,10
2072,72,69,125,310.2,0.0,true,0.0,22,10
2073,73,69,125,310.2,0.0,true,0.0,22,10
2074,73,69,125,310.2,0.0,true,0.0,22,10
2075,81,69,125,310.2,0.0,true,0.0,22,11
2076,78,70,125,309.8,0.0,true,0.0,22,11
2077,75,70,125,310.0,0.0,true,0.0,22,10
2078,80,71,125,310.0,0.0,true,0.0,22,11
2079,83,70,125,310.0,0.0,true,0.0,22,11
2080,79,70,125,310.0,0.0,true,0.0,22,11
2081,80,71,125,310.0,0.0,true,0.0,22,11
2082,76,71,125,310.0,0.0,true,0.0,22,10
2083,77,71,125,310.0,0.0,true,0.0,22,10
2084,67,71,125,310.0,0.0,true,0.0,22,9
2085,67,70,125,310.0,0.0,true,0.0,22,9
2086,79,69,125,310.0,0.0,true,0.0,22,11
2087,73,69,125,310.0,0.0,true,0.0,22,10
2088,66,68,125,310.0,0.0,true,0.0,22,9
2089,64,67,126,310.0,0.0,true,0.0,22,9
2090,74,67,126,310.0,0.0,true,0.0,22,11
2091,70,67,126,310.0,0.0,true,0.0,22,10
2092,71,67,127,309.8,0.0,true,0.0,22,10
2093,68,66,127,310.0,0.0,true,0.0,22,10
2094,70,66,127,310.0,0.0,true,0.0,22,10
2095,76,66,127,310.0,0.0,true,0.0,22,11
2096,71,66,127,310.0,0.0,true,0.0,22,10
2097,69,67,127,310.2,0.0,true,0.0,22,10
2098,75,67,127,310.2,0.0,true,0.0,22,11
2099,84,68,127,310.2,0.0,true,0.0,22,12
2100,69,75,127,310.2,0.0,true,0.0,22,9
2101,65,73,127,309.8,0.0,true,0.0,22,9
2102,65,71,127,309.8,0.0,true,0.0,22,9
2103,69,69,128,309.8,0.0,true,0.0,22,10
2104,66,67,129,309.8,0.0,true,0.0,22,9
2105,64,66,130,309.8,0.0,true,0.0,22,9
2106,56,65,130,309.8,0.0,true,0.0,22,8
2107,66,64,130,309.8,0.0,true,0.0,22,10
2108,74,64,130,309.8,0.0,true,0.0,22,11
2109,74,64,131,309.6,0.0,true,0.0,22,11
2110,74,60,130,309.6,0.0,true,0.0,22,12
2111,75,62,130,309.6,0.0,true,0.0,22,12
2112,75,62,130,309.8,0.0,true,0.0,22,12
2113,71,64,130,309.6,0.0,true,0.0,22,11
2114,69,66,129,309.6,0.0,true,0.0,22,10
2115,80,67,129,309.6,0.0,true,0.0,22,11
2116,73,68,128,309.8,0.0,true,0.0,22,10
2117,75,68,128,309.8,0.0,true,0.0,22,11
2118,76,69,127,309.8,0.0,true,0.0,22,11
2119,78,69,127,309.8,0.0,true,0.0,22,11
2120,78,69,127,309.8,0.0,true,0.0,22,11
2121,76,70,127,310.0,0.0,true,0.0,22,10
2122,72,70,127,310.0,0.0,true,0.0,22,10
2123,74,69,127,310.0,0.0,true,0.0,22,10
2124,74,69,127,310.0,0.0,true,0.0,22,10
2125,77,69,127,310.0,0.0,true,0.0,22,11
2126,81,70,127,310.0,0.0,true,0.0,22,11
2127,79,70,126,310.0,0.0,true,0.0,22,11
2128,82,71,125,310.0,0.0,true,0.0,22,11
2129,75,71,125,310.2,0.0,true,0.0,22,10
2130,75,71,125,310.2,0.0,true,0.0,22,10
2131,73,70,125,310.2,0.0,true,0.0,22,10
2132,75,70,125,309.6,0.0,true,0.0,22,10
2133,72,69,125,309.8,0.0,true,0.0,22,10
2134,76,69,125,309.8,0.0,true,0.0,22,11
2135,70,69,125,309.8,0.0,true,0.0,22,10
2136,80,69,125,309.8,0.0,true,0.0,22,11
2137,71,69,124,310.2,0.0,true,0.0,22,10
2138,76,69,124,310.2,0.0,true,0.0,22,11
2139,74,69,124,310.2,0.0,true,0.0,22,10
2140,77,69,124,310.2,0.0,true,0.0,22,11
2141,79,70,124,310.2,0.0,true,0.0,22,11
2142,70,70,124,310.2,0.0,true,0.0,22,10
2143,78,69,124,310.2,0.0,true,0.0,22,11
2144,74,69,123,310.2,0.0,true,0.0,22,10
2145,71,69,123,310.0,0.0,true,0.0,22,10
2146,75,69,123,310.0,0.0,true,0.0,22,10
2147,76,69,122,310.0,0.0,true,0.0,22,11
2148,76,69,122,310.0,0.0,true,0.0,22,11
2149,68,69,122,310.2,0.0,true,0.0,22,9
2150,73,69,122,310.2,0.0,true,0.0,22,10
2151,77,69,122,310.2,0.0,true,0.0,22,11
2152,69,69,122,310.0,0.0,true,0.0,22,10
2153,77,68,122,310.0,0.0,true,0.0,22,11
2154,80,69,122,310.0,0.0,true,0.0,22,11
2155,67,69,122,310.0,0.0,true,0.0,22,9
2156,67,69,122,310.0,0.0,true,0.0,22,9
2157,75,68,122,309.6,0.0,true,0.0,22,11
2158,76,68,122,309.6,0.0,true,0.0,22,11
2159,76,68,122,309.6,0.0,true,0.0,22,11
2160,70,69,122,309.6,0.0,true,0.0,22,10
2161,66,69,122,309.6,0.0,true,0.0,22,9
2162,88,68,122,309.6,0.0,true,0.0,22,12
2163,69,68,122,309.6,0.0,true,0.0,22,10
2164,69,68,122,310.0,0.0,true,0.0,22,10
2165,79,68,122,310.0,0.0,true,0.0,22,11
2166,77,69,122,310.0,0.0,true,0.0,22,11
2167,72,69,122,310.0,0.0,true,0.0,22,10
2168,76,69,122,310.0,0.0,true,0.0,22,11
2169,72,69,122,310.0,0.0,true,0.0,22,10
2170,74,69,122,310.0,0.0,true,0.0,22,10
2171,80,70,122,310.0,0.0,true,0.0,22,11
2172,75,69,122,310.2,0.0,true,0.0,22,10
2173,76,70,122,310.4,0.0,true,0.0,22,10
2174,67,69,122,310.4,0.0,true,0.0,22,9
2175,78,69,122,310.4,0.0,true,0.0,22,11
2176,73,69,122,310.4,0.0,true,0.0,22,10
2177,70,69,122,310.0,0.0,true,0.0,22,10
2178,71,68,122,310.0,0.0,true,0.0,22,10
2179,60,67,122,310.0,0.0,true,0.0,22,9
2180,74,67,122,310.0,0.0,true,0.0,22,11
2181,74,67,122,310.0,0.0,true,0.0,22,11
2182,74,67,122,310.0,0.0,true,0.0,22,11
2183,0,0,122,310.0,0.0,true,0.0,22,0
2184,0,0,122,309.8,0.0,true,0.0,22,0
2185,0,0,122,310.2,0.0,true,0.0,22,0
2186,64,0,121,310.2,0.0,true,0.0,22,0
2187,64,58,121,310.2,0.0,true,0.0,22,11
2188,56,60,119,310.2,0.0,true,0.0,22,9
2189,57,60,119,310.0,0.0,true,0.0,22,9
2190,56,59,119,310.0,0.0,true,0.0,22,9
2191,68,60,120,310.0,0.0,true,0.0,22,11
2192,65,60,120,310.0,0.0,true,0.0,22,10
2193,65,61,121,310.2,0.0,true,0.0,22,10
2194,32,55,122,310.2,0.0,true,0.0,22,6
2195,32,55,122,310.2,0.0,true,0.0,22,6
2196,0,55,122,310.2,0.0,true,0.0,22,0
2197,0,0,122,310.4,0.0,true,0.0,22,0
2198,0,0,122,310.4,0.0,true,0.0,22,0
2199,0,0,122,310.4,0.0,true,0.0,22,0
,,,,,,,,,
